id,last_name,vorschlag_vorname,vorschlag_voller_name,sicherheit,quelle,treffer,alternativen,titel
bcbeaadb-b432-4b4f-9bc7-611a2c4fbc63,村上春樹,,,manuell (Schrift),,0,,"Blinde Weide, schlafende Frau | IQ84 (Buch 3)"
e33273af-ac48-4d59-8479-cc2c9dd97bcd,Alsanea,Rajaa,Rajaa Alsanea,hoch,OpenLibrary-ISBN,1,,Die Girls von Riad
8708fefe-2178-4d25-9546-cd534f0e7d5f,Amery,Carl,Carl Amery,niedrig,OpenLibrary-Titel,1,,krypta
c6441cc3-fec3-49a8-b60f-f98bf87dfee6,Anonym,,,platzhalter,,0,,Fragt mal Alice
83193933-2329-4e79-a72a-a88ca0217946,Kallinikow,,,keine,,0,,frauen moenche
a455e3b9-9b88-4cb4-81d1-db4e435b19c8,Katsuhiko,,,keine,,0,,Auf der Suche nach Sharaku
681d5c78-1b9e-41dc-8ec7-188f76ba4db5,Keneally,Thomas,Thomas Keneally,hoch,OpenLibrary-ISBN,1,,Schindler's ark | schindlers
d5bf6a90-c134-4416-956d-080c10475502,Khaschoggi,,,keine,,0,,talon
0ae66e8b-9a96-4478-a8b9-f0ebbdd8f3da,Morrell,David,David Morrell,mittel,OpenLibrary-Titel,7,,first | rambo 3 | verschwoerung
b3f24d7f-f17d-46b4-b72d-facda13b1e6a,Beitz,Holger,Holger Beitz,niedrig,OpenLibrary-Titel,1,,Assessment Center. Erfolgstipps und Übungen für Bewerber.
57f73f83-ab95-4796-999a-2d27e7790272,Belago,Linda,Linda Belago,mittel,OpenLibrary-Titel,2,,surinam
fb3f0f17-7b4e-4585-84ac-2c73ca000fb2,Belfort,Jordan,Jordan Belfort,mittel,OpenLibrary-Titel,5,,wall-street
781d947c-5b58-4bbb-9b19-c04742224dd9,Haitel,,,keine,,0,,unterwegs
7fabb3b1-8b86-4904-91e3-867a01116f04,Hakesworth,,,keine,,0,,eaton
52458e00-cde4-4efb-ab63-66b66efcaeba,Halban,George,George Halban,hoch,OpenLibrary-ISBN,1,,Malik der Wolf | malik
19f5bd84-b025-4605-bc10-b2f544bc88f0,Hale,Oron J.,Oron J. Hale,hoch,OpenLibrary-ISBN,1,,The captive press in the Third Reich
d137b683-b8ae-48a4-97f3-2172e1a8577e,Hallberg,Garth Risk,Garth Risk Hallberg,hoch,OpenLibrary-ISBN,1,,City on fire
3d3699a8-add0-4b77-ab6b-540db584445e,Hamberger,,,keine,,0,,lebensraum zerstoert
2dd0160d-4ade-4f72-b35a-8cff7ee109be,Hamblin,,,keine,,0,,legenden
ee33766a-f185-4a1c-851f-30c27cb19359,Hamdo,Faisal,Faisal Hamdo,niedrig,OpenLibrary-Titel,1,,aleppo
c91d88d1-0e2d-4320-a953-3e3003c2d180,Halmer,Günther Maria,Günther Maria Halmer,hoch,OpenLibrary-ISBN,1,,Fliegen kann jeder
08650ac7-4af2-4a32-8a0b-da1acee8b4b3,Haloche,Laurence,Laurence Haloche,hoch,OpenLibrary-ISBN,1,,Der Mund
edf14f93-0bc2-4efe-bd76-06a41afe25b2,Halstead,,,keine,,0,,welt dinosaurier
00036e54-dbe6-4996-89c2-b1c39ee06322,Halter,Marek,Marek Halter,mittel,OpenLibrary-Titel,3,,geheimnisse jerusalem | messias
21f46ffc-ef98-4fbd-9374-2f5236374ac7,Ham,Anthony,Anthony Ham,mittel,OpenLibrary-Titel,5,,africa
a4d3da1e-8b29-4654-b03a-1e34e550d53f,Hamann,Brigitte,Brigitte Hamann,hoch,OpenLibrary-ISBN,1,,Elisabeth | mozart
c8825873-d29f-4b47-996b-3016e5d1a06e,Hammer,Gerd,Gerd Hammer,hoch,OpenLibrary-ISBN,1,,Portugal. Richtig reisen. Reise- Handbuch
8050c08f-e01a-49a7-bab3-b23ac1e8c5eb,Hamsun,,,keine,,0,,weltumsegler
247b8d4d-4b4c-41f0-9e09-f450670361d3,Lumira,,,keine,,0,,Lass dich nicht behexen
6463bd66-b98e-4a24-8f9c-579e30f67972,A'Adamo,,,keine,,0,,Blutgruppen gesundes
cc01df76-a666-475b-adbe-ae6d7eeb2ba4,Abbing,Marja Roscam,Marja Roscam Abbing,niedrig,OpenLibrary-Titel,1,,Yacca- Fieber. ( Ab 12 J.).
04efd529-b844-426e-8170-381b7962e544,Abe,,,keine,,0,,frau duenen
6e6dc3b1-72c7-46bc-9004-b1ea7c816fbd,Abele,,,keine,,0,,kommt rad | werden
185d1464-566c-42fe-8d85-0fb71d0a140e,Unknown,,,platzhalter,,0,,groesste | steinerne
2fba00df-baa7-4ef9-9633-8664d36345f9,Perlmutter,Dr. David,Dr. David Perlmutter,niedrig,OpenLibrary-Titel,1,,dumm
957629a1-d197-4712-b845-eccc4832194b,Bacon,Jehuda,Jehuda Bacon,niedrig,OpenLibrary-Titel,1,,solange leben entscheiden
b71f7e34-1f47-40aa-b810-f709a97c232a,Dorrie,,,keine,,0,,Ullstein Taschenbucher
2a29efe4-d02c-43d0-a7ec-0b5bd34979ed,Naka,,,keine,,0,,karate
6c54bf11-7a43-49c2-a822-8c72ef335524,u.,,,platzhalter,,0,,Mallorca
804211dd-17a0-448b-af8e-a2231b042f57,Bismarck,Otto von,Otto von Bismarck,mittel,OpenLibrary-Titel,3,Otto Fürst von Bismarck | Otto Bismarck,Gedanken und Erinnerungen
15713b81-dfab-4f08-8f1d-7953c46b9ca1,Petrik,,,keine,,0,,jenseits meeres
54c4c604-afff-4baa-9681-4d52a0c1ff47,Hanan,,,keine,,0,,wut besiegt
c0af7366-4c02-4ca9-9bba-d266468ff6a0,Blob,,,keine,,0,,ausgetraeumt | beirut
e32da6d7-a2c8-4926-8736-9136ac4de3c0,Buschmann,,,keine,,0,,Tatort Schulhof
0631067c-52c6-41b5-a3ab-5f4109902bcb,Buchbender,,,keine,,0,,gesicht krieger
ab132ddb-f485-4f4a-bbda-f45ff782b20e,Buchner,,,keine,,0,,grat
803f3a1e-1f37-4f51-8f64-d80b5d5acbce,Hanauer,,,keine,,0,,betrunken
bd3fd88b-76ae-447e-bfd3-14b02b2eba4e,Hand,,,keine,,0,,cleave
0c37f77e-4007-4690-9cb0-cf1864a82e96,Handschmann,,,keine,,0,,vollwertkueche
993b2dc9-706c-4163-857d-90ece32e63f5,Hanika,Iris,Iris Hanika,hoch,OpenLibrary-ISBN,1,,Treffen sich zwei
575eff1b-0f90-4e2f-989a-820fc2b98edb,Hanke,Johann-Christian,Johann-Christian Hanke,hoch,OpenLibrary-ISBN,1,,PHP und MySQL fu r Kids
091716ba-4a71-4163-901d-3ab1f0071476,Hannah,,,keine,,0,,schattenmesser
1891b084-80ca-41ab-9c9b-8cefbe0de271,Hansel,,,keine,,0,,entspannung
b79c780d-bed2-42a9-9cb6-1621ac1421bc,Hansun,,,keine,,0,,mann meer
84fa01ce-18ea-4db6-83f6-f2aeadfd79ab,Haon,,,keine,,0,,stille
87f9415f-abf0-4248-bcbe-52fecdad2ce2,Hardie,Titania,Titania Hardie,hoch,OpenLibrary-ISBN,1,,House of the Wind
ae014ea3-5db7-4a25-bd41-8de9276e2d18,Harding,,,keine,,0,,Der Prinz der Finsternis. Historischer Roman
21cb7fcf-6913-4c42-b0e3-47db3e7daada,Hardy,Jörg,Jörg Hardy,niedrig,OpenLibrary-Titel,1,,jenseits
5dbedd98-4f7e-4088-a15b-53b1a298c8d7,Harenberg,,,keine,,0,,prominentenlexikon
539c1d3c-20da-431c-bfe1-0e35eb5e5be4,Harich,,,keine,,0,,wachstum
0aac2492-6171-4a11-9e15-849f8f34735e,Harlander,Wolf,Wolf Harlander,niedrig,OpenLibrary-Titel,1,,systemfehler
645a1f9c-2a81-4cd3-8566-7d0c387f0489,Harmann,,,keine,,0,,tritt kind
79895324-f941-4a9b-9a6a-10ffa41ea8b2,Harms,Rudolf,Rudolf Harms,mittel,OpenLibrary-Titel,2,,Marco Polo
d2c640fa-37ef-4c3d-88e3-f86b52068018,Harper,Kenn,Kenn Harper,mittel,OpenLibrary-Titel,3,,minik
9daee0c7-23b1-43d1-8c46-18cbe31bd62a,Harry,,,keine,,0,,reserve
986f34a3-2e59-462e-954b-11ecbc51eef5,Harzig,,,keine,,0,,grosse heinz erhardt
064e3e80-f060-4ea1-949d-937349498613,Hasek,Jaroslav,Jaroslav Hasek,mittel,OpenLibrary-Titel,5,,abenteuer
fd59b629-b2df-40b6-b113-d0dfc426b3b9,Chapman,John,John Chapman,niedrig,OpenLibrary-Titel,1,,lean machines
698b0df4-3614-49c3-bf5b-b09d33f1873c,Charney,David,David Charney,hoch,OpenLibrary-ISBN,1,,Sensei
92a24098-df1a-4dc2-aff6-5e8cb4b15963,Nostradamus,,,keine,,0,,Prophetische Weltgeschichte
c5b91bef-03b3-4a33-88cd-80362449c548,Follain,John,John Follain,mittel,OpenLibrary-Titel,5,,zoya
fcc0d0e7-11ed-4a48-81a1-d06f6b3590d1,Forbath,Peter,Peter Forbath,niedrig,OpenLibrary-Titel,1,,kongo
c7de5d5d-043c-42ce-91b3-a1b53db4a73b,Forde,Cyril Daryll,Cyril Daryll Forde,mittel,OpenLibrary-Titel,5,,habitat economy society
23b5ff5c-823a-4cc2-92d6-c5f6601a4714,Haskell,,,keine,,0,,fegefeuer
f8be7a22-00a4-4c63-8683-15d51726d361,Hass,Hans,Hans Hass,hoch,OpenLibrary-ISBN,1,,Drei Jäger auf dem Meeresgrund | Unberührte Tiefen | Unter Korallen und Haien
061c9155-7f10-4b33-bece-8c0fe3948262,Hasselbusch,,,keine,,0,,flirt-angriff
46dfc0f5-ea67-4da7-9504-20272ce88967,Hatzfeld,,,keine,,0,,macheten
649be336-354b-4e46-80ba-e2c3b643705c,Hauser,Bodo H.,Bodo H. Hauser,hoch,OpenLibrary-ISBN,1,,schwarzrotgeld
a25f239f-2e12-4933-8a97-56716b986033,Haushofer,Marlen,Marlen Haushofer,mittel,OpenLibrary-Titel,3,,wand
c3ad1ce0-c2d6-4165-901c-133446de635f,Hawass,,,keine,,0,,tutanchamuns
965e888b-8bd7-4361-b52c-23cba8a4581d,Hawel,,,keine,,0,,work progress
9423ff11-65c5-4c88-8e7f-1b3b2fa4cf91,Belina,,,keine,,0,,traumberge bergtraeume
7f5d2e77-b43e-419b-90f9-42a87966e4b0,Bellemare,,,keine,,0,,depesche jenseitz
3c1fe37e-a69d-48dd-991d-0f27e97b3a97,Hawke,Ethan,Ethan Hawke,hoch,OpenLibrary-ISBN,1,,Hin und weg
6ff510f2-760a-485b-ba74-9beaf2d45d1a,Hawkins,Paula,Paula Hawkins,hoch,OpenLibrary-ISBN,1,,The Girl on the Train
0ca9c7fc-bcf7-450c-a094-80c146c69f87,Akyol,Çiğdem,Çiğdem Akyol,hoch,OpenLibrary-ISBN,1,,Erdoğan
675e0784-3b92-40aa-ac9b-0728a9a0e5f0,Forte,Tiago,Tiago Forte,hoch,OpenLibrary-ISBN,1,,Building a Second Brain
7d0426fc-3d24-4a0d-99f9-f69d25297d85,Geibel,,,keine,,0,,falschen koerper gefangen
c1ca566e-9e53-482f-9aec-b783aed9a750,Geiner,,,keine,,0,,wuestenfahrten
9552c86b-708f-45bb-ae66-a5be87c58e67,Haydon,Elizabeth,Elizabeth Haydon,niedrig,OpenLibrary-Titel,1,,tochter windes
a2ac43b5-1b2b-486d-99ad-f13d2eb21c18,Hayer,,,keine,,0,,sekte
dce9aa79-7e6f-4751-85dd-87c2ebf62ea5,Hecht,Martin,Martin Hecht,niedrig,OpenLibrary-Titel,1,,unsitten
249ba6f4-65b6-4cff-a6f1-fc0255f31d45,Hayes,Joseph Arnold,Joseph Arnold Hayes,niedrig,OpenLibrary-Titel,1,Joseph Hayes,dunkle
b390833d-c75e-47f4-acb5-52c1c470dad8,Hellfritz,,,keine,,0,,fang leben | frauen | laras
e8daf877-bae8-489d-9418-f1cde708e28c,Healey,,,keine,,0,,koenigskind
495d559e-82d2-4201-9028-248bc3abc838,Hearting,,,keine,,0,,geronimo
d3870e71-4039-4b04-bfa9-43adac0b3152,Heaven,Constance,Constance Heaven,hoch,OpenLibrary-ISBN,1,,Die Feuer von Glenlochy
85db82d7-62cd-4334-ba50-4802eca87591,Heer,Hannes,Hannes Heer,mittel,OpenLibrary-Titel,2,,vernichtungskrieg
f16b27ab-5880-48cc-89ae-4a20b3e5453e,Heffermann,,,keine,,0,,opiumpate
438bd9ef-9c9e-4381-bc94-f1fcdb4d8b7f,Hefner,Ulrich,Ulrich Hefner,niedrig,OpenLibrary-Titel,1,,christi
8aa8eb4a-5515-4d09-8bca-df92f8ab2bb4,Hei√Üerer,,,keine,,0,,dorfbanditen
11689db7-0b89-4851-ab88-2efe1903ea44,Heidmannseder,,,keine,,0,,radelbuch
bdf221e1-3162-447a-b7de-c0b6d2d770a8,Heidrich,Ingeborg,Ingeborg Heidrich,mittel,OpenLibrary-Titel,3,,nuja
f2296087-a209-43b8-88c7-6dbcbb31ce15,Heiland,,,keine,,0,,freundinnen strandbad
11a18612-16f0-4005-8010-94b4c42aaa76,Heilmann,Klaus,Klaus Heilmann,hoch,OpenLibrary-ISBN,1,,Keine Angst vor der Angst | frau
dcefe686-9e87-4042-a6c7-217fa4bfc092,Heincke,Anna,Anna Heincke,hoch,OpenLibrary-ISBN,1,,"Unser Charly, Ein Affe ermittelt"
cdc27fa6-b6e7-4b48-964b-3bff0a0212b4,Heinlein,Uwe A. O.,Uwe A. O. Heinlein,hoch,OpenLibrary-ISBN,1,,Finale der Pippenspieler
a9c4f48d-c23f-46d4-8f37-36f48e43812c,Heinrich,Willi,Willi Heinrich,mittel,OpenLibrary-Titel,2,,gezeichneten | palermo
36ce6443-fc51-48c8-a1a1-6f11104b29ff,Heisig,Kirsten,Kirsten Heisig,hoch,OpenLibrary-ISBN,1,,Das Ende der Geduld: Konsequent gegen jugendliche Gewalttäter
09647886-d89b-454e-be3e-0489995038b1,Heitz,Markus,Markus Heitz,hoch,OpenLibrary-ISBN,1,,Ritus
1c19ecc4-073e-408a-a650-fd9a066e87a7,Hejazi,Arash,Arash Hejazi,niedrig,OpenLibrary-Titel,1,,gazelle
8ed07265-71dd-4ed7-8950-d535453e493e,Gendlin,Eugene T.,Eugene T. Gendlin,mittel,OpenLibrary-Titel,5,,focusing
b2964c9a-55d4-4e27-bc3a-eca12b3a2f96,Harsany,,,keine,,0,,bewegt
6ca8e9fe-7e83-4583-9e9a-11880f0954ba,Harstall,,,keine,,0,,graefinnen
3cf8b02a-24f8-4545-b3a4-00e664d32b38,Hellinger,,,keine,,0,,seelen
fdb9c6a6-0f51-4be6-921a-0902860eea5d,Hillenbrand,Robert,Robert Hillenbrand,niedrig,OpenLibrary-Titel,1,Tom Hillenbrand,goldenes | kaffeedieb
0e5823c0-ce5b-4e55-99d0-4cbdee346ef2,Hilliges,Ilona Maria,Ilona Maria Hilliges,mittel,OpenLibrary-ISBN,1,Peter Hilliges,Das verborgene Herz Afrikas | Die weiße Leopardin
256e1492-f7a0-4504-abd3-86b2964f4a45,Helbig,,,keine,,0,,aufbruch maasai
3ac13423-c6c6-4ee0-8f16-d2708e70bcaf,Held,Kurt,Kurt Held,hoch,OpenLibrary-ISBN,1,,Die rote Zora und ihre Bande
3e9a9d49-7611-4739-a07e-04e99accc425,Hell,Silke,Silke Hell,niedrig,OpenLibrary-Titel,1,,assessment center
13a68ed2-35e2-4caf-9085-13c3266a8743,Helland,,,keine,,0,,inselkrankenhaus
25875e77-af79-4d86-8774-8213ef0b796f,Hellberg,,,keine,,0,,sommer geheimnisse
e0a6cd12-2a8c-4f84-af7b-9b0a6400e232,Helle,,,keine,,0,,tal goetter
f6e36fdf-fe42-4841-9cdc-a066bb4007d8,Helmensdorfer,,,keine,,0,,aegypten
bdb3b27e-1527-40c8-b4fc-888893b54cf8,Helmhausen,Ole,Ole Helmhausen,mittel,OpenLibrary-Titel,4,,kanada
3ac40c36-4c2d-4672-8247-a7c8493665d5,Henderson,Eleanor,Eleanor Henderson,hoch,OpenLibrary-ISBN,1,,Ten thousand saints
a4448d7a-1fb9-425e-bb8a-a06e7c1ed485,Hendrix,,,keine,,0,,ohne wenn aber
affa0c41-2204-4065-9b2f-a319f52d1047,Hengge,Helga,Helga Hengge,hoch,OpenLibrary-ISBN,1,,Nur der Himmel ist höher. Mein Weg auf den Mount Everest
b1e71420-87ca-4866-aab9-cce93605e9ed,Henisch,Peter,Peter Henisch,hoch,OpenLibrary-ISBN,1,,Der verirrte Messias
9a09b705-4ad0-4ddc-97bb-641c3d3ca086,Henkel,Hans-Olaf,Hans-Olaf Henkel,hoch,OpenLibrary-ISBN,1,,Die Ethik des Erfolgs. Spielregeln für die globalisierte Gesellschaft
1442b41c-06c5-441d-95a5-4ae6f82235c8,Henkels,Walter,Walter Henkels,niedrig,OpenLibrary-Titel,1,,stirn gerunzelt
116e0d9b-9dc3-45b0-a678-b82f04f96ed5,Hennings,,,keine,,0,,nichts hoffnung gepaeck
0a08ce60-1a43-432b-a215-102ead3f1cc3,Henry,,,keine,,0,,borina | koenig windes
45334530-328a-4fb5-b931-4c541672183b,Henscheid,Eckhard,Eckhard Henscheid,hoch,OpenLibrary-ISBN,1,,Dolce Madonna Bionda
7d21b799-48a8-4dc7-b957-0534d3e36d3c,Noname,,,keine,,0,,Die geheimnisvollen Kräfte des Mondes
2640500b-70c0-44c9-b5bb-54c20759d571,Horbach,Michael,Michael Horbach,niedrig,OpenLibrary-Titel,1,,bruder kain | sturm
6f1fe0d0-0aa2-4ca8-8445-e7a1a4650d4f,Hornby,Nick,Nick Hornby,hoch,OpenLibrary-ISBN,1,,How to Be Good
4b90bca6-a60f-40dc-94b7-dbc824645964,Horne,Richard,Richard Horne,niedrig,OpenLibrary-Titel,1,,sollte
3774c7be-c926-4ed0-a633-de8f02653b15,Bello,,,keine,,0,,bewohnte
2c4b68aa-6416-42fb-aebb-155a63f9f7e1,Bellos,Alex,Alex Bellos,hoch,OpenLibrary-ISBN,1,,futebol
f4c24bf0-e276-4282-a073-e04a6566cf6e,Hensel,,,keine,,0,,laerchenau
dca326c6-ff24-48a0-8672-20d3a15d8a13,Hephurn,,,keine,,0,,ich
bcc1b5db-f13a-4421-b88c-000cdd1d586b,Herber,,,keine,,0,,jakobsweg
e7faf449-e32e-4987-8d04-330596715663,Herman,Eleanor,Eleanor Herman,hoch,OpenLibrary-ISBN,1,,Liebe im Schatten der Krone | schatten florenz
a5da8727-1efc-4027-9929-c79e7b7e71de,Hetmann,Frederik,Frederik Hetmann,mittel,OpenLibrary-Titel,3,,indianer | king
4589b4e6-16de-41fd-83d3-09c0b9b55ccf,Heuck,Sigrid,Sigrid Heuck,niedrig,OpenLibrary-Titel,1,,elefantenjunge
c849106f-b760-4be3-84e2-62912a57d810,Hermanns,,,keine,,0,,garden
60537dbb-7832-426b-95d0-9774038385a6,Herriger,,,keine,,0,,scheidet
dbc8c64e-4187-46c6-a595-d904f2fe725e,Herrligkoffer,Karl Maria,Karl Maria Herrligkoffer,mittel,OpenLibrary-Titel,3,Karl M. Herrligkoffer | K M Herrligkoffer,Nanga Parbat
04b86b80-6427-4321-8808-0df6f24c2193,Herrndorf,Wolfgang,Wolfgang Herrndorf,mittel,OpenLibrary-Titel,2,,tschick
7d87ee64-2ff5-466b-951a-9c0d43e1af02,Herron,,,keine,,0,,satans insel
7ba46cc1-1001-4f13-9dab-ba118e746837,Hertz,Leah,Leah Hertz,niedrig,OpenLibrary-Titel,2,Noreena Hertz | Janice Hertz,business
0d4bdc7a-f15b-402a-be33-cba3ac68c562,Herz,,,keine,,0,,europaeische union
487ef230-d4f4-4e77-91dc-e39d1e89ac0a,Hess,,,keine,,0,,echte italienische kueche
ea43bb1b-c1d4-4475-959d-2a962a9d0177,Heusser,Regula,Regula Heusser,hoch,OpenLibrary-ISBN,1,,Unbekannter Nachbar Sowjetunion
94921718-68cb-4d93-9633-44614a9f9f11,Ingemarsson,Kajsa,Kajsa Ingemarsson,hoch,OpenLibrary-ISBN,1,,Der Himmel so fern | spaet
86607b1e-cccf-4bfb-94f5-a7e8bc632ef3,Hewitt,,,keine,,0,,nostradamus jahrtausendwende
5a638e23-ec1a-4a73-ab9e-6524969f2acd,Hewson,David,David Hewson,mittel,OpenLibrary-Titel,2,,epiphany
15fca4bc-3c73-401b-beb7-d6861720ab4b,Hexel,,,keine,,0,,mitbestimmung
ecac7bb4-1bdb-428f-a112-a4762ed9002e,Heye,Artur,Artur Heye,niedrig,OpenLibrary-Titel,1,,dressiert
81130333-5e66-4b60-8dd9-5ce4c06038dc,Heyer,,,keine,,0,,falsches spiel
400f1da7-06cf-4ae2-96de-9a09ec8847ff,Heym,Stefan,Stefan Heym,hoch,OpenLibrary-ISBN,1,,Ahasver
4a681b60-31e4-4681-a442-0738ce26038d,Hidier,,,keine,,0,,karma
42e410da-3b70-48f5-a029-1cc2d0c887a3,Hiebeler,Toni,Toni Hiebeler,hoch,OpenLibrary-ISBN,1,,Die Alpen im Luftbild | zugspitze
896fd652-fc5f-45f1-a07b-857bf04fe987,Hies,,,keine,,0,,perspektive unternehmensberatung 2013
9cf726c3-fdc6-4801-b044-702a55aac42c,Higham,,,keine,,0,,geheime
0908333c-ccba-449a-8373-c308a93b27eb,Moestl,,,keine,,0,,verrat
c026526b-da0e-4ef2-8eb7-92e2c962c106,Janzir,,,keine,,0,,golfstaaten
3cad6978-5a22-4f26-8189-f9f02b06de5a,Bodett,Tom,Tom Bodett,hoch,OpenLibrary-ISBN,1,,williwaw
c5d7c0bd-f7af-47bb-a139-ba20c88eb642,Highsmith,,,keine,,0,,schluessel
6f9302bf-5768-43fc-8edd-81f2147f218c,Hilbk,Merle,Merle Hilbk,hoch,OpenLibrary-ISBN,1,,sibirski punk
0b384d18-3a82-4820-8cdf-a32b4172fb52,Hildebrand'S,,,keine,,0,,indonesien | suedliches afrika
eefafc3b-a57f-49bf-9797-0322a8328ef7,Hillary,Sir Edmund,Sir Edmund Hillary,niedrig,OpenLibrary-Titel,1,Edmund Hillary,wagt gewinnt
fa216f58-7ce7-410c-842e-cfea7b8581f6,Hines,Joanna,Joanna Hines,hoch,OpenLibrary-ISBN,1,,Das Lied der Brandung
1a66baee-297e-411e-8eaa-45330e226081,Hinnefeld,,,keine,,0,,luft
adc7622b-1d09-4a54-97df-518df314800b,Hinton,S. E.,S. E. Hinton,hoch,OpenLibrary-ISBN,1,,The Outsiders | kampffische
09c71fe4-eaef-45f7-b4d9-388160d4340d,Hirata,,,keine,,0,,regenbogentruppe
cb13cd4b-6a31-4a18-9ff5-ec08b26562ee,Hirche,Kurt,Kurt Hirche,niedrig,OpenLibrary-Titel,1,,Die Wirtschaftsunternehmen der Gewerkschaften
2813a079-49d7-4304-934f-46ccc74ab19d,Hirigoyen,Marie-France,Marie-France Hirigoyen,hoch,OpenLibrary-ISBN,1,,Wenn der Job zur Hölle wird. Seelische Gewalt am Arbeitsplatz und wie man sich dagegen wehrt
a185d158-ee26-4786-901f-574754f78f52,Hirsch,Helmut,Helmut Hirsch,niedrig,OpenLibrary-Titel,1,Mario Hirsch,luxemburg | pfeife
17675a98-b55a-42ca-89a9-0e2e876c6cbc,Hirsh,M. E.,M. E. Hirsh,hoch,OpenLibrary-ISBN,1,,Kabul
2f1ec07c-8c0b-4157-8bbf-fd4089b0c8e5,Hitchcock,,,keine,,0,,schlaflose
ee7666fd-447c-409b-aa95-7e213b5939ae,Hite,Shere,Shere Hite,hoch,OpenLibrary-ISBN,1,,frauen liebe | report
f91aec7f-7418-4e3a-bdb5-c6601e95568a,Hjorth,,,keine,,0,,verdienen
37a8c3ae-ae93-4ea1-9fb3-452effc95e41,Poertner,,,keine,,0,,wir  noch retten | wir  retten | wir retten
6b286b11-a2fe-4487-aae1-aeb0902aaba9,Bergman,Ingrid,Ingrid Bergman,mittel,OpenLibrary-Titel,2,Ingmar Bergman,leben
f5c26829-ee1b-4f50-b434-dfa8c3b74dfc,Bergmann,,,keine,,0,,sexualitaet | vietnam
efe3cac4-de92-471c-97fa-01612ce49527,Hoang,,,keine,,0,,dschingis
0b75a1b4-1f83-4f7b-b2d4-62490b6ce207,Hochhamer,,,keine,,0,,strassen
a86b6170-ff16-4e4e-a9de-c404e5827fda,Akunin,,,keine,,0,,bibliothek zaren | palagia hunde
ac8671f5-c672-49d8-bf9b-eb676dcfafc6,Hoeg,,,keine,,0,,fraeulein
bf373d9f-c388-4f39-8c9a-73e3c06356c6,Hoehler,,,keine,,0,,unantastbar
8f73a019-7746-4eaf-8120-c7d2c10419b2,Hofreiter,Anton,Anton Hofreiter,hoch,OpenLibrary-ISBN,1,,fleischfabrik
44dbde56-27b3-403d-9123-f49d901051f5,Hofstaetter,,,keine,,0,,gruppendynamik
ec2062ec-d8c2-45fe-9e14-8324fddce9a1,Hoehne,,,keine,,0,,geahnt
0636257c-2698-4f1a-b6b7-e5decb68746a,Hoeller,,,keine,,0,,Erfolg | Sprenge deine Grenzen
f59c1b4a-5768-4a3d-ae56-5f1d719a76d6,Hoer-Bogacz,,,keine,,0,,gehen
8439502d-f39c-4e52-98cf-94e9499bbc4e,Hoera,,,keine,,0,,gedisst
eddfbb4c-e003-49d0-b869-850e08987527,Hoerburger,,,keine,,0,,burkina
249feb94-13bc-468f-8e6c-3fafa09b96c5,Hoerhan,,,keine,,0,,investment
1c33f1a2-fadc-4063-b3f6-fda14f17dc18,Hoering,Uwe,Uwe Hoering,niedrig,OpenLibrary-Titel,1,,indien gandhi
b681403a-8dfb-4ddc-99f4-a60510286fd6,Hoess,Rudolf,Rudolf Hoess,mittel,OpenLibrary-Titel,3,,auschwitz
d4a73f6c-0a18-45cb-8212-aff9a0c1c9ab,Hofe,Günther,Günther Hofe,hoch,OpenLibrary-ISBN,1,,Roter Schnee
cea2401d-0bc0-4965-b2e1-a94b1f11fc02,Hofer,Walther,Walther Hofer,hoch,OpenLibrary-ISBN,1,,Die Entfesselung des zweiten Weltkrieges
65a7a420-16cf-467e-a5cf-7d8ff62ffc07,Hoff,Edgar P.,Edgar P. Hoff,hoch,OpenLibrary-ISBN,1,,australien
689a01ba-adbd-4b86-9418-d893905c7b41,Munro,,,keine,,0,,immunsystem
88ff02c5-3423-49b3-9533-d6d22784a721,Elkeles,Simone,Simone Elkeles,mittel,OpenLibrary-Titel,2,,du  ganze leben | kann auch immer
ab495cc2-0a0f-46a3-94cf-2c31e75f46d9,Hohenester,,,keine,,0,,ganzheitlich heilen homoeopathie | internat internet vokalbahn
a7f611bb-7d7c-4887-8a88-a29de81e097b,Hohensee,,,keine,,0,,entspannt buddha
271ae298-450b-4d63-9655-2507304ddb65,Hohlbaum,Robert,Robert Hohlbaum,niedrig,OpenLibrary-Titel,1,,zauberstab
b176d152-7565-42c5-b19e-feeef6d7dfc2,Holeman,,,keine,,0,,mondamulett
a8e1bb7c-7a1d-4c01-846f-4b2982d2b08f,Hollinghurst,,,keine,,0,,schoenheitslinie
61c724f3-74c2-4cf3-b5ae-f8241b2ad9ff,Holloway,,,keine,,0,,traumfuehrer wege selbst
7605bed8-e02f-4b0c-9520-4a37a7ee2a9f,Holm,Jennifer L.,Jennifer L. Holm,hoch,OpenLibrary-ISBN,1,,Boston Jane und der unheimliche Fremde. | waeldern
7bfe383f-2066-47ad-869d-4f89f11f7ddd,Holmes,,,keine,,0,,medicus
7ee4c0f1-0b0f-498b-aa32-2a5a6d4582cc,Holthaus,,,keine,,0,,erde zukunft
d9a2ea4c-d871-4b5e-89e2-f8a459944ac0,Holton,,,keine,,0,,wuestensand
c64c74d0-ede8-4b5a-8911-0eea7c1e61a7,Holzach,Michael,Michael Holzach,mittel,OpenLibrary-Titel,4,,umsonst
6d1685cf-e55f-405c-b079-6152b52785f3,Hooper,,,keine,,0,,sex-berater
861bd38c-e35e-4e38-afa0-fec24aa4bbe0,Hoppe,,,keine,,0,,aufgeputscht abgefahren
b6a0a0ba-5ac5-4929-8155-3adc36381ff8,Horak,,,keine,,0,,kanada
c0bc6cfd-d200-482c-8426-c95fba89f1e8,Horst,Eberhard,Eberhard Horst,hoch,OpenLibrary-ISBN,1,,"Friedrich II., der Staufer"
c71dc6ec-9a71-45fe-9e9c-41c217a82698,Folsom,,,keine,,0,,uebermorgen
de131c25-84fd-460f-b464-936ce5070770,Fontana,,,keine,,0,,brinkmanns leben
9b8a5848-2e99-4142-a6b3-c468c9bd43a9,Fuss,,,keine,,0,,geisterball fussballzeiten
ef4e53e8-8292-418c-8329-94e99369a9e4,Felschernivow,,,keine,,0,,kinder bahnhof zoo
bf030303-4c65-4daf-9dd0-d1f9d7ff0f69,Horster,,,keine,,0,,suchkind 212 | wiederkehr
e16325ef-1ee1-41f3-a81a-08ece536f35c,Horton,Tony,Tony Horton,hoch,OpenLibrary-ISBN,1,,Bring It!
4a8a8bc8-278e-4979-96b8-8eee8a897c75,Horwood,,,keine,,0,,flucht adlers
342e6b5f-a87e-4deb-807c-0d4b1837c808,Horx,Matthias,Matthias Horx,hoch,OpenLibrary-ISBN,1,,Glueckliche Reise | trendbuero
4992ef14-f6d4-48b7-a058-e62991fff175,Hosseini,,,keine,,0,,drachenlaeufer | sonnen
2002d415-f752-45cb-a819-efdce737dc66,Hotoum,,,keine,,0,,manaus
c99953a1-8d36-42d3-9dd4-4bd2b8395fe0,Hottinger,,,keine,,0,,gemeine
3f1baf44-723d-4539-a506-6234a25cddc2,Hougron,JEAN,JEAN Hougron,niedrig,OpenLibrary-Titel,1,Jean Hougron,saigon
f15947e7-a650-4292-9e0d-ee216e803204,Hourani,Albert,Albert Hourani,hoch,OpenLibrary-ISBN,2,Albert Habib Hourani,Die Geschichte der arabischen Völker
b4211b4d-2af9-4a6c-881a-1ef63df16bf7,Hoving,,,keine,,0,,marchesa
8da5aa29-ad39-42b0-ad16-04f8eb1a5841,Howard,,,keine,,0,,glut | kuesse
7a5f51f3-edd5-4b5c-b011-6922ff60cf15,Howatch,Susan,Susan Howatch,hoch,OpenLibrary-ISBN,1,,penmarric | reichen anders
cd37ca51-3fe0-44a3-83d9-16a1b390a256,Hoyer,,,keine,,0,,krieg
9b9acbf0-12cd-4403-bab6-28cd75da6522,Hsieh,Tony,Tony Hsieh,hoch,OpenLibrary-ISBN,1,,Delivering happiness
8c35d045-03e2-49e3-a646-c9964750c1b8,Hua,,,keine,,0,,bruder | verkaufte
0bceee6b-fb03-4f95-b933-b9fda25181e5,Huangsheng,,,keine,,0,,china contemporary photography
3bf3844d-8f9d-4442-8656-bdc524f138b2,Hubbard,L. Ron,L. Ron Hubbard,hoch,OpenLibrary-ISBN,1,,Dianetik
4879d458-5310-41cf-a48f-3cc2832fe4bd,Hubner,,,keine,,0,,nordic
020382eb-7c61-4065-b854-102378b3d832,Berkel,Christian,Christian Berkel,hoch,OpenLibrary-ISBN,1,,Der Apfelbaum
343e990f-c182-4661-b6f8-4cc1f52078de,Berlinger,,,keine,,0,,olivenbaeume
7650e2a9-57a6-437d-a011-be74a3bbd50d,Berlitz,Charles,Charles Berlitz,hoch,OpenLibrary-ISBN,1,,Das Bermuda Dreieck - Fenster zum Kosmos? | kontinent
a991646c-6f3f-4501-b94e-e78e4ec75eb5,Hudson,,,keine,,0,,dulaba
2cef6c3c-93a8-4051-a517-8ca51da23dff,Huerlimann,,,keine,,0,,schweiz
501c1f91-e0cf-4ae4-84ce-277ff2b46048,Hutter,,,keine,,0,,grossklockner
c325c9d3-5247-42b8-87ab-42c16cf728c6,Huxley,Aldous,Aldous Huxley,mittel,OpenLibrary-Titel,5,,eminenz | world
d9f903f6-3ff0-4fb1-9afa-42f409f26e11,Pym,,,keine,,0,,geschlossene | missed | taeuschung
6d59361a-0948-4a5f-8371-cd0d883cbf99,Hyde,T.,T. Hyde,niedrig,OpenLibrary-Titel,1,,liebe
95e1da0d-823c-44e9-8575-9771f58c31ab,Isaacson,Walter,Walter Isaacson,niedrig,OpenLibrary-Titel,4,Jeffrey A. Isaacson,innovators | steve
4f0bb054-9f57-49fa-927b-a8f196ce189d,Iacocca,Lee A.,Lee A. Iacocca,mittel,OpenLibrary-Titel,3,,amerikanische karriere | iacocca
dcde48c4-7494-4a38-b290-e1ba26ac41a4,Ibelgaufts,,,keine,,0,,koerpersprache
c1cfde15-4b3c-4368-962b-aa3e48037f31,Huether,,,keine,,0,,begabt
9f50b461-6fe4-44d0-a33e-435c3a16302d,Huetter,,,keine,,0,,grenzen
a14329ab-27b4-4dbb-b468-bc6d3fdc58dd,Hughes,,,keine,,0,,nichts laestern
390482e4-e08b-46d8-bcce-06460e08ad5d,Humann,Klaus,Klaus Humann,niedrig,OpenLibrary-Titel,1,,rockmusik
e3152460-eda5-4f1d-81c0-4ff1b3c71d09,Humphreys,C. C.,C. C. Humphreys,mittel,OpenLibrary-Titel,2,,boleyn
1ac1550e-11be-4c6b-a605-91f4fcea356a,Huntington,Samuel P.,Samuel P. Huntington,hoch,OpenLibrary-ISBN,1,,Kampf der Kulturen: Die Neugestaltung der Weltpolitik im 21. Jahrhundert
5a231ffa-486b-459e-bbbc-62bb11448342,Huong,,,keine,,0,,bitterer
9f0774d1-3b48-42f8-b9cf-ca86b583c19e,Husemann,,,keine,,0,,buecher-jaeger
d112b457-a1d2-4d9b-ad69-517880adac68,Huser,,,keine,,0,,eisbergs
e0a44867-7c98-431f-b5c1-637321ca4604,Huston,,,keine,,0,,killing
59611b76-fd52-4af9-b50a-a47c7ed6e034,Hustvedt,Siri,Siri Hustvedt,hoch,OpenLibrary-ISBN,1,,The Blazing World
e4313ab1-ee1c-4718-bb6a-73a2b13ac8e0,Ibottson,,,keine,,0,,sommerglanz
f4317e67-46b2-4165-8cb9-b403602f7128,Ichbiah,,,keine,,0,,microsoft-story
ae7209df-a6c7-4a23-9324-703e233bc320,Ickler,,,keine,,0,,entfuehrt
200c9a4c-422f-4426-aea2-aae09ad7cc5d,Ignatieff,Michael,Michael Ignatieff,hoch,OpenLibrary-ISBN,1,,asja
bb5fd6bc-37b5-4048-94db-588668b7acdb,Igraham-Parsons,,,keine,,0,,new york
9876d857-5dbd-42af-a724-f45406838f03,Ilibagiza,,,keine,,0,,aschenbluete
e0034a05-3865-49b9-8d58-c21532eb3c59,Ingolfsson,,,keine,,0,,suehne
d0cb3cc0-a0ae-4a22-8fa8-d20d3a761c6e,Ingridason,,,keine,,0,,gletschergrab
caca65cb-8cf7-4ca5-b741-8a94a745c7a2,Insel,,,keine,,0,,marco
445c7b56-77b3-4687-ba61-679408e4d96b,Irvine,Peter,Peter Irvine,hoch,OpenLibrary-ISBN,1,,Scotland the best
430dba47-17e7-41ed-b3f6-6b466ef43cf0,Irwin,,,keine,,0,,kolumbus 2000 spaet
7287aa2a-789c-47fd-a1c4-5d060cceb9e0,Isaacs,Susan,Susan Isaacs,hoch,OpenLibrary-ISBN,1,,After all these years
190c31cd-094e-4dc3-a09a-50f42957de95,Isau,Ralf,Ralf Isau,niedrig,OpenLibrary-Titel,1,,lied befreiung neschans
f8d9ccac-c3d1-4744-a191-dd00a86861da,Isbel,,,keine,,0,,sehnsucht gruenen
7abc7944-9f3f-4972-94e5-bd021a5cadf8,Gerwald,Mattias,Mattias Gerwald,hoch,OpenLibrary-ISBN,1,,ketzer | phropheten
df6b801c-4d6e-4fe8-91d7-e7971bd5da0e,Ivanov,,,keine,,0,,haende
d918bd18-b643-4760-a278-126f9f9e9cc4,Jachina,Gusel,Gusel Jachina,hoch,OpenLibrary-ISBN,1,,Suleika öffnet die Augen
46e22c7b-1f47-462a-bb17-b6406e886b5f,Jacka,Benedict,Benedict Jacka,hoch,OpenLibrary-ISBN,1,,Das Labyrinth von London
92e3b7ba-f75b-4fcb-b0c1-799d174908b6,Jacobson,Timothy,Timothy Jacobson,mittel,OpenLibrary-Titel,2,,American Journey by Rail
bd4b5bcc-0abc-420b-9166-79390fef7bf5,Jaeger,Henry,Henry Jaeger,hoch,OpenLibrary-ISBN,1,,Die Festung | fettloeserin
7ecf5d10-3777-4893-a172-7697f4cf344c,Blaeser,,,keine,,0,,ungewollt schwanger
f27d22c9-754a-40a1-9e7c-0f9b58e77cae,Blake,James Carlos,James Carlos Blake,mittel,OpenLibrary-Titel,4,,wolf
8067faa4-e4ff-4e21-99bc-bd62b48e7fe0,Blanchard,Kenneth,Kenneth Blanchard,hoch,OpenLibrary-ISBN,1,,Der neue Minuten Manager
fda0a8d5-d0d1-4947-b722-731fd8630002,Blau,Urban,Urban Blau,niedrig,OpenLibrary-Titel,1,,salomes sommer
b25f627d-06ab-480a-ad12-9bcb531a1afa,Iggulden,,,keine,,0,,fangen gerade erst | rosenkriege
6c7ab422-5fcf-48cb-82d8-53b4848fff22,Imhof,Agnes,Agnes Imhof,hoch,OpenLibrary-ISBN,1,,Die Königin der Seidenstraße | koenigin seidenstrasse
6271c9bf-b0f9-4a08-a232-10cd7a410ae8,Berman,Eleanor,Eleanor Berman,hoch,OpenLibrary-ISBN,1,,neuengland
29dffc22-0688-4011-a7b9-1502697c8504,Bernuthin,,,keine,,0,,untreu
ef128910-77e1-4d60-89c7-8805d4076759,Berr,Annette,Annette Berr,niedrig,OpenLibrary-Titel,1,,Orpheus und Sibirien
6bf34ca6-5097-43e3-be32-7a98f0181b00,Berthelius,,,keine,,0,,wohl schoene
df5eaaab-a3fd-448f-9bc8-c3b3c71e62ea,Bleuel,,,keine,,0,,portraet heimat
60584fcd-9437-4332-9ed1-de487763d72b,Blome,,,keine,,0,,bach blueten buch
74369f14-120d-42ce-bdd9-76e2554cbb6d,Bloom,Greg,Greg Bloom,niedrig,OpenLibrary-Titel,1,,southeast asia shoestring
706a6e8f-ad10-44be-8393-b4b210e6e6dd,Bluemmer,,,keine,,0,,frau buch
86a50b20-7dbf-40de-aa69-af57b9793833,Blum,,,keine,,0,,boehm
d3a7e6e1-8855-4b47-b625-5f9891cf8833,Blumencron,,,keine,,0,,wiedersehen tibet
640cfa91-e909-44df-a952-2c49b742cbfa,Block,Lawrence,Lawrence Block,niedrig,OpenLibrary-Titel,5,Anna Block,dies | russland
b93164b4-0cc9-42cb-a7fb-68caff148a46,Bobuyen,,,keine,,0,,lessing überlebenden
117a1968-92a4-47f1-ade7-e426c0f6a9cf,Bodard,Lucien,Lucien Bodard,mittel,OpenLibrary-Titel,2,,rosen
84d01cd1-ee51-4e68-bd69-440d417671a8,Abraham,Pearl,Pearl Abraham,hoch,OpenLibrary-ISBN,1,,onedin kapitaen reeder | romanleserin
342de382-b5f3-49fd-b26e-7d047e9f051a,Asal,,,keine,,0,,suedamerika
72cec6d2-61a2-4c1a-9c04-c8d107f5bf31,Ghose,,,keine,,0,,USA
9779f1cd-2eff-448f-b639-4b4526f5aeee,Barcata,Louis,Louis Barcata,mittel,OpenLibrary-Titel,2,,asien
52180bf9-6cc5-452e-93db-3e4548209855,Barrault,,,keine,,0,,hai
fa428d7c-b5f9-4cbd-bd91-6cebac930621,Jaffe,,,keine,,0,,gefaehrlichen
075e4797-334d-41da-b8b1-4468fcd59027,Jagger,,,keine,,0,,claire
516ae5ef-d21c-419f-a507-c2dd3d1a332a,Jahnn,Hans Henny,Hans Henny Jahnn,mittel,OpenLibrary-Titel,5,,holzschiff
f7a46521-8f0e-4d4d-98a9-2eda335837b2,Jahoda,,,keine,,0,,wieviel arbeit mensch
89ba9358-21ae-4329-ba9c-a68f47289260,Jajkes,,,keine,,0,,licht schatten
09f86404-50d0-4780-9cd7-c263064f8e25,Jampolsky,,,keine,,0,,lieber angst
1a2191f4-ad67-4cd9-93cb-fca27fa0acf8,Jan√Üen,,,keine,,0,,zeitalter
bab0f141-f782-4222-9492-0c3b2880ed38,Janic,,,keine,,0,,dream traum montana
b5f28a4f-f73c-4108-955a-4b24d2b5019d,Jannausch,Doris,Doris Jannausch,niedrig,OpenLibrary-Titel,1,,mustergatte
fd291d6c-fd13-4e3d-ba85-d6439ed554c3,Janosch,,,keine,,0,,popoff
780bcbb1-5b58-4b85-84ae-99e18582ae56,Janz,,,keine,,0,,strandrosensommer
10d7316e-947d-4641-b48e-e68efebf6d5e,Boeckl,,,keine,,0,,geliebte kaisers
42d400d2-455c-4ac8-90f4-7ce4cdda0fe2,Breinholst,Willy,Willy Breinholst,niedrig,OpenLibrary-Titel,1,,kunst jung bleiben
7640b71b-34c4-41bf-82c9-a47c38181187,Brent,,,keine,,0,,mondbaum
3e5db8ed-37ee-4067-bfcb-e0fb0f0baa46,Breslin,Theresa,Theresa Breslin,hoch,OpenLibrary-ISBN,1,,medici-siegel
75b1f013-ea7f-47a2-8877-53b6d5ab4ecb,Burghardt,Peter,Peter Burghardt,hoch,OpenLibrary-ISBN,1,,Gebrauchsanweisung für Brasilien
3391cd91-e9d0-4992-a246-27791001f9b0,Burkhart,,,keine,,0,,Der Balkan
4777140b-8b0b-46d0-90b0-dfea31dffb26,Burmeister,Brigitte,Brigitte Burmeister,niedrig,OpenLibrary-Titel,1,Brigette Burmeister,norma
5eb289d9-d2bb-4007-b9e6-4ab9bc244dc4,Carrisi,,,keine,,0,,enigmas
aa8ec8cb-25c2-42a3-ac13-49f366f2128a,Carstensen,Johannes,Johannes Carstensen,niedrig,OpenLibrary-Titel,1,,rittersagen
70699191-3e77-42f8-b01a-c1f2a28168c2,Cartier,,,keine,,0,,peter grosse
5561426f-244d-4c4b-90f1-392a53a9eb1e,Cartland,,,keine,,0,,schiff versuchung
894647a3-d3e7-4c82-98eb-ff73059f3b71,Bertolli,,,keine,,0,,kuerbisfloete
10ddca69-9d3a-4766-8214-a3f8801c0555,Bertram,,,keine,,0,,tochter medicus
441848fb-e4f9-4dca-8dbf-07686eb995fc,Besley,,,keine,,0,,bts superstars
331447c3-ea31-4db1-8739-b5e08894d34e,Beste,,,keine,,0,,australien | ozeanien
e2a207c0-729f-43bb-84dc-a946b19c5aec,Beste-Fopma,Nicole,Nicole Beste-Fopma,niedrig,OpenLibrary-Titel,1,,beruf familie
62b9dd49-f614-42ef-86f9-f2f9c074c7d7,Bettelheim,,,keine,,0,,kinder maerchen
abec6b2d-48bc-4925-9016-9f6658773d50,Betz,Robert,Robert Betz,hoch,OpenLibrary-ISBN,1,,Willst du normal sein oder glücklich?
5c939b6e-c232-47f2-825f-f282ef330831,Djura,,,keine,,0,,Hinter dem Schleier
4883a81e-104a-4074-989c-7d115069202f,Biasini,,,keine,,0,,himmels
019caca5-c85e-4ac9-8025-937e358ea335,Biebricher,Thomas,Thomas Biebricher,niedrig,OpenLibrary-Titel,1,,theorie neoliberalismus
bd312ad5-7c4d-4399-8a0c-a142c8f2c316,Bieler,,,keine,,0,,baer
0a4844cc-c661-4f97-a563-b975401f357c,Bierbichler,Josef,Josef Bierbichler,hoch,OpenLibrary-ISBN,1,,Mittelreich
dbd59d8a-6f35-4909-9c03-7ab6ca6d8f8f,Bilgri,,,keine,,0,,entruemple geist
87a67c7b-81bf-46b3-80f8-efccfc76a863,Christopher,Paul,Paul Christopher,mittel,OpenLibrary-Titel,3,Paul. Christopher,templars
a7cb706c-64df-4176-80d9-6bcc95befd9a,Chronin,,,keine,,0,,sonnenkoenig
1c344e47-0880-4a99-9690-f9b11d4d5b50,Chu,Wesley,Wesley Chu,hoch,OpenLibrary-ISBN,1,,Die Wiedergeburten des Tao
96a5cb25-24c2-4a29-8123-13070a6692d9,Coyle,,,keine,,0,,armstrongs kreuzzug
5e852baf-ca76-4903-b98f-041373985a48,Dazieri,,,keine,,0,,finsternis
eedec3f2-8613-4fea-8734-be504f61b114,De,,,keine,,0,,bombay
04937aa3-9085-4e4d-8534-affeb9f911b1,Deaner,Janice,Janice Deaner,hoch,OpenLibrary-ISBN,1,,Als Der Blues Begann
a7fa10b9-ddf8-4ee2-bddf-4bd745380ed6,Dittert,Annette,Annette Dittert,niedrig,OpenLibrary-Titel,1,,palmen warschau
8de0db61-d0a9-4421-8b94-09d282a0784a,Dittmar,,,keine,,0,,emotionale
0766bd1d-fc95-4571-858e-67945b7f3118,Maberry,,,keine,,0,,methusalem
d3e8531c-ae83-42cb-b97b-3e7ed42bf4d6,Leonhardt,,,keine,,0,,revolution
c08f6c1d-21d2-415c-96f2-2debd92811ff,Monnier,Thyde,Thyde Monnier,niedrig,OpenLibrary-Titel,1,,strasse
99ae8813-aebd-42b5-9a22-e6e506a34c42,Mross,,,keine,,0,,boerse
5685c8ad-6a79-4b59-9d60-686059e7ff39,Martin,Maria,Maria Martin,niedrig,OpenLibrary-Titel,1,C. C. Martin,nazareth
eec9a854-3d00-42bc-928a-2b01b31723a7,Muehr,,,keine,,0,,purpur
43001d19-9ef6-46f1-a27a-15ab13e8767e,Muenster,,,keine,,0,,arpael
aac7e85b-aea5-4498-a85e-f723c61aea99,Muenzer,Hanni,Hanni Muenzer,niedrig,OpenLibrary-Titel,1,,akte rosenthal
96020883-6524-417f-b272-c6412b9361ac,Mues,Ingeborg.,Ingeborg. Mues,hoch,OpenLibrary-ISBN,1,,Die Phantasie ist eine Frau. Sechsundzwanzig Originalerzählungen
a2c08afc-1e1a-40e9-876c-ae5bd3c5b933,Muhler,Emil,Emil Muhler,niedrig,OpenLibrary-Titel,1,,Die roten Patriarchen
b4582000-0d9e-4a96-a924-4aeae2c6b4ea,Muir,,,keine,,0,,hoffnung | weisse schokolade
c7e04467-1268-4860-8682-cde684b521f2,Mukherjee,,,keine,,0,,angesehener
4e177d24-6a9e-4ae1-ac30-bbf8f395fb45,Mulack,,,keine,,0,,natuerlich weiblich
7ebf0d39-c0a7-401b-86a2-263de02f6446,Mulisch,Harry,Harry Mulisch,niedrig,OpenLibrary-Titel,1,,attentat
60f7e357-6bd1-4c48-91b7-9fd89d14df75,Mulroy,,,keine,,0,,400 inspirierende reisen
1e11c2ed-8e42-49e6-8200-3b2d32e329a0,Motschmann,,,keine,,0,,kaplan
fabeb02f-bae8-46e3-bea1-903c946214b3,Mercier-Sivadjian,,,keine,,0,,kalifornien
76e20654-888a-406b-8897-0172175a2e2d,Munif,,,keine,,0,,what
2d1c80b4-39e5-43a1-997e-8c114bfbc175,Munif,,,keine,,0,,salzstaedte
8c4f24ce-630e-470b-b45c-52b3a60e2bd5,Pausder,,,keine,,0,,land
fb10db17-5407-4dd9-9d5e-bc6be001d790,Pause,Walter,Walter Pause,niedrig,OpenLibrary-Titel,1,,Wandern--bergab | huette
0994bf8f-ad85-49c9-9e2c-3ca077db8983,Pausewang,Gudrun,Gudrun Pausewang,hoch,OpenLibrary-ISBN,2,,Das Tor zum Garten der Zambranos. | Die Wolke
ab51668c-e33d-4aa8-be03-03140495a1c8,Payne,David,David Payne,niedrig,OpenLibrary-Titel,1,,taoisten
748cc2a1-d3b8-45c1-bf61-006bb5cbfd0b,Peace,David,David Peace,hoch,OpenLibrary-ISBN,1,,Tokio besetzte Stadt | tokio jahr null
d7fb8efc-56c7-46d3-9fd3-2f0674e34f01,Pearce,Brenda,Brenda Pearce,niedrig,OpenLibrary-Titel,1,,grabbing
8606d9f0-5b48-479c-a822-f85e5ff98742,Pears,Iain,Iain Pears,niedrig,OpenLibrary-Titel,1,,scipio
f91db45c-b935-40b4-a451-c1fc226c07a9,Peetz,,,keine,,0,,dienstagsfrau
d652f3a7-185d-4bb7-bb43-0ec717d2681d,Pehnt,,,keine,,0,,schildkroeten
68a7c123-4f0b-472d-b81d-1c8e17152ae8,Peiper,,,keine,,0,,haemmer
a12c1c4f-9c5b-4974-906b-4592cad0c504,Pelzer,David J.,David J. Pelzer,niedrig,OpenLibrary-Titel,1,,es | verlorene
c956c65b-30c1-4189-b7c4-8df3a32828d3,Penezkina,,,keine,,0,,komm
9d8dc90f-1ece-47b8-ae5c-356db4e0b48a,Azzedine,,,keine,,0,,zorngebete
1c4bfee3-d446-4e34-ac4b-3b3b416c0e35,Pennac,Daniel,Daniel Pennac,hoch,OpenLibrary-ISBN,1,,Adel vernichtet. Ein Malaussene- Roman
e8e43650-f67b-4d3d-b754-4f7573a1802c,Penny,,,keine,,0,,sexuelle
e5f002cf-2770-44f0-90cf-8d928d75bb78,Penski,,,keine,,0,,heim
8fd235a5-0c48-4228-9283-e13fbdfd98bc,Perarnau,Martí,Martí Perarnau,mittel,OpenLibrary-Titel,3,Marti Perarnau,guardiola
44035d23-a5cb-458b-9a17-8a01ad4b79b4,Verdi,Giuseppe,Giuseppe Verdi,mittel,OpenLibrary-Titel,5,,troubadour
8cf83761-d368-46ac-a38f-486891d50f99,Vermes,,,keine,,0,,er
50f0be17-2c0c-42a0-8897-086626ffadff,Verollet,Mischa-Sarim,Mischa-Sarim Verollet,hoch,OpenLibrary-ISBN,1,,Das Leben ist keine Waldorfschule
f3d98de3-6a6e-43e6-94b7-09fffcea4302,Versteggen,,,keine,,0,,core performance
fd52b292-7e27-440d-81ce-ac9b3280a006,Veryan,,,keine,,0,,anders
9b9ee9fd-e1fc-425a-af2a-8dfad86fe1cb,Vester,Frederic,Frederic Vester,niedrig,OpenLibrary-Titel,1,,crashtest
4071b745-cbfd-4826-92f5-0880d8f67ee6,Vestner,,,keine,,0,,neuseeland
63c8f06e-4868-4696-b35f-fbbe3f0f49b5,Vetten,,,keine,,0,,propaganda
81603fdd-8b3c-4715-82b4-6dda8a91e96b,Viegas,,,keine,,0,,schatten tiefe
c886dfc4-88fa-4df5-8ea7-6e214f2115c0,Viering,,,keine,,0,,elefanten
a819f7cb-0723-4489-ab09-faa1b2848a45,Vilar,,,keine,,0,,betoerende glanz dummheit
c89b2814-c5c7-483d-9e62-238443ac1b4a,Vilcinskas,,,keine,,0,,rochen
4aab7c41-1964-40e4-bc0b-3258cd46e09e,Villaret,,,keine,,0,,braskowka
32548935-7922-465f-b0e1-711f6ce9e650,Vine,,,keine,,0,,salomons
749ded22-22d0-4fdd-a5a3-56e7f41c8f49,Vinnai,Gerhard,Gerhard Vinnai,hoch,OpenLibrary-ISBN,1,,Sport in der Klassengesellschaft
ec4473b1-f829-471c-8702-aab68051bfb4,Vissers,,,keine,,0,,1000 tips selbstaendige
a1a340d7-abe2-461b-a218-eb12fdc473e4,Vlitzkaja,,,keine,,0,,siebenten
50133106-d4e8-4c86-9740-237f2cade99d,Voeller,,,keine,,0,,maedchen sonne eis
e3735828-b4ed-41c2-8623-ef3e4d621a8c,Voien,,,keine,,0,,schwarzer
4f06300f-e767-4d4d-b97b-4480220696f0,Voigt,,,keine,,0,,kaempfen
48bebc3f-bcdf-4b61-8b5a-29db514c5bf9,Voland,Eckart,Eckart Voland,hoch,OpenLibrary-ISBN,1,,Die Natur des Menschen
d3eb9d54-69b7-4163-b6af-6349d893f6de,Vollborn,Marita,Marita Vollborn,niedrig,OpenLibrary-Titel,1,,joghurt
364a3ddd-22cb-48c8-91a4-381b09b971b4,Volo,,,keine,,0,,zeit mich dich
b79f2dee-8e66-413a-9731-c275c02a4e5e,Volpi,Jorge,Jorge Volpi,mittel,OpenLibrary-Titel,4,,klingsor
25622aa9-cdba-4293-8ae6-ac05482c0413,Vuckovacki,Vera,Vera Vuckovacki,hoch,OpenLibrary-ISBN,1,,Indien im Monsun
e08d4436-8263-48f9-b8d6-8d4a0dcb2379,W√∂Tzel,,,keine,,0,,Über die Berge zu mir selbst
3c6e90cb-9205-4b0e-af2b-b48e3be9f4ba,Waffender,,,keine,,0,,san
c84f3e70-3e8e-4fdf-9e8c-070438fa7ab9,Antonis,Jessica,Jessica Antonis,hoch,OpenLibrary-ISBN,1,,Hunger nach weniger. Geschichte einer Magersucht.
ad2fc812-68d5-4e59-949a-050d316846b4,Applegate,Katherine,Katherine Applegate,mittel,OpenLibrary-Titel,2,,aisha
4868d1ad-54ab-4fb5-9127-45b3419c68e9,Arenz,Ewald,Ewald Arenz,hoch,OpenLibrary-ISBN,1,,Alte Sorten
c18451fa-52ac-46c6-af8e-7f68030a8898,Arnemann,,,keine,,0,,eulenspiegels
b6566d20-6f1f-42a1-a537-14cd37faffec,Arthus-Bertrand,Yann,Yann Arthus-Bertrand,hoch,OpenLibrary-ISBN,1,,Die Erde von oben - Tag fur Tag
62ff21b2-585b-44fc-971c-155d9737f6ea,Arz,Martin,Martin Arz,niedrig,OpenLibrary-Titel,1,,unfreien
5832bfb9-bc53-46d7-9080-53e245ba3fcf,Ashley,Maureen,Maureen Ashley,niedrig,OpenLibrary-Titel,1,,toskana
32d89b5b-74f6-40ca-b61a-a3f275a3baf3,Asserate,,,keine,,0,,afrika 101
87192585-ded4-455c-9f51-df0b4790c653,Athwal,,,keine,,0,,frei
0bc124ce-c36c-4b7f-8b65-4126fe3fd5a1,Auboyer,Jeannine,Jeannine Auboyer,niedrig,OpenLibrary-Titel,1,,asien
c8cb412e-8ba5-444c-8999-6fdb8a5781ac,Augustiny,Waldemar,Waldemar Augustiny,niedrig,OpenLibrary-Titel,1,,Deutschland
29c9f5cd-99e3-4199-9161-20b0590035a5,Aust,Stefan,Stefan Aust,mittel,OpenLibrary-Titel,2,,baader | pirat
937ba5b3-5405-4f34-b681-a1c72937edcb,Axelsson,Majgull,Majgull Axelsson,niedrig,OpenLibrary-Titel,1,,aprilhexe
7fd420ec-d8d0-405d-958a-4aab3c0daee4,Ayata,,,keine,,0,,huerriyet
a8041487-761c-4815-94fe-410462c1380e,Ayoub,Susanne,Susanne Ayoub,mittel,OpenLibrary-Titel,2,,engelsgift
666644c5-75a4-4674-9381-03edc8150322,Aziz,Namo,Namo Aziz,hoch,OpenLibrary-ISBN,1,,Kurdistan
62eebd18-e9fa-4d6f-a9ec-d99210905cc3,Baar,Adrian,Adrian Baar,hoch,OpenLibrary-ISBN,1,,Erotische Geschichten aus China
c80b00aa-3047-4ff7-a0a6-88c6feff178c,Babendererde,Antje,Antje Babendererde,hoch,OpenLibrary-ISBN,1,,Lakota Moon
a0799de7-9c8d-4ff3-955e-ecd60309895d,Bacchelli,,,keine,,0,,po
23533ea8-bdef-4da9-b59e-b44bccd0b519,Backes,Magnus,Magnus Backes,niedrig,OpenLibrary-Titel,1,,geburt europas
bf9544a5-dd7e-4f18-98df-245ce2e80a04,Binding,,,keine,,0,,cliffhanger
11c8b831-9ce4-43ef-9659-ed6003818569,Biolek,,,keine,,0,,rezepte lebens
fd6e7bb4-ef25-4f8e-a4ca-d47874dc3991,Birbaumer,,,keine,,0,,gehirn
bda246e8-0415-43b0-a5a6-ef35109339cf,Birkenbihl,Vera F.,Vera F. Birkenbihl,mittel,OpenLibrary-Titel,4,,erfolg
6dca622c-81af-4f64-8110-76e54eaeaa48,Birker,,,keine,,0,,jahresbericht 1997
b6598264-1738-422f-bdea-827e96252ebe,Birkner,Andreas,Andreas Birkner,niedrig,OpenLibrary-Titel,1,,Die Tatarenpredigt
3c715782-9dab-40dd-943b-474fe626bca2,Bischof,Karen,Karen Bischof,mittel,OpenLibrary-Titel,2,,Krebs gang
f4e1d645-2c4b-4859-88e5-de80ba5f24aa,Bisley,,,keine,,0,,hoelle
35856474-1619-4555-8b9b-7989f5252059,Bisping,,,keine,,0,,baltikum
bb1af159-6e21-41cb-b3d3-b646990aa78a,Bittrich,Dietmar,Dietmar Bittrich,hoch,OpenLibrary-ISBN,1,,Dann fahr doch gleich nach Haus! | gummibaerchen
226264cb-8649-4414-a2fc-593a82c0d245,Alten,Steve,Steve Alten,mittel,OpenLibrary-Titel,9,,goliath | hoellenschlund | meg
2b51be49-c2ee-43ae-a1ae-02235e59e2d9,Petersen,,,keine,,0,,liebe hoffnung
76f1a952-a10a-4f36-9838-4211fc40fc80,Benioff,David,David Benioff,hoch,OpenLibrary-ISBN,1,,Stadt der Diebe | alles anfang
85dcaf17-43cc-46a9-b26b-ea4fa41bc4ba,Benjamin,Harry,Harry Benjamin,niedrig,OpenLibrary-Titel,1,,brille
76f5c7c6-0a18-46e0-8c3e-44bb35e5e346,Bennett,Geoffrey,Geoffrey Bennett,niedrig,OpenLibrary-Titel,3,B. J. Bennett | Alan Bennett | Geoffrey Martin Bennett,falkland | uncommon
e73e19c0-6e43-49cc-b735-50e2711b7ecc,Benoist-Mechin,,,keine,,0,,kleopatra
19f3e73e-e57a-410b-bbeb-3c583ceed882,Benoit,Pierre,Pierre Benoit,niedrig,OpenLibrary-Titel,2,Benoit - Pierre Benoit | Henri Benoit | P. Benoit,sousceyrac
2f63344a-465b-4d23-b7fe-7a1e93320da3,Beoethy,,,keine,,0,,heirate niemals udo
2090d538-21e0-4e9c-aa4f-0cb4bf88f787,Bercholz,,,keine,,0,,mann buddha
83d4811f-db15-4bcd-bfc4-56730e2ea598,Berendt,Joachim Ernst,Joachim Ernst Berendt,hoch,OpenLibrary-ISBN,1,,"Das Leben, ein Klang"
e5f91366-89fd-4f95-bfeb-dc7109818a3d,Beresford,,,keine,,0,,geheimnis
f830623d-68fd-491f-bdaa-8ca2d0f4cf34,Bergin,,,keine,,0,,australien
e8db1b0f-74df-45d1-a986-6307c72b3e20,Peskow,Wasseli,Wasseli Peskow,niedrig,OpenLibrary-Titel,1,,vergessenen
f3922f32-3a5a-4c9e-aa76-affb57e8ee3d,Boeger,,,keine,,0,,tafelspitzen
9b7642b3-fbd0-4a23-985f-e054737445e1,Boerchers,,,keine,,0,,routen
1084ce19-1023-401f-b4ad-5874ab71bee6,Boff,,,keine,,0,,kirche reiche
27156b74-077a-48f6-8d48-1727a7014057,Boge-Erli,Nortrud,Nortrud Boge-Erli,mittel,OpenLibrary-Titel,2,,satans augen
c76905e2-8c38-4c40-bf75-56701f1d3b86,Bohjalion,,,keine,,0,,attendant
fe7735f2-0573-489b-8dd9-7d34cd444ee8,Bohne,,,keine,,0,,alaska zurueck
95075721-67bc-46d8-bc43-45ae38d6aadd,Boie,Kirsten,Kirsten Boie,mittel,OpenLibrary-Titel,2,,alhambra
5f5e22d5-e76e-4178-8b65-fc8a55ce316c,Boldrini,,,keine,,0,,etruskische leopard
97d15a60-77ec-4e06-92c9-b38166a96e25,Bolesch,Cornelia,Cornelia Bolesch,hoch,OpenLibrary-ISBN,1,,Ulrich Wickert
abbf2790-ea05-40e5-9a67-8416ae5b9436,Bolle,,,keine,,0,,grossen religionen welt
e6b40139-6632-423f-9ca0-6491cd398f7a,Bolte,,,keine,,0,,witwen eiserne jungfrauen
9a1f64bb-a62d-4918-b2a8-b429b9c8a542,Bolton,Lesley,Lesley Bolton,niedrig,OpenLibrary-Titel,2,Vivienne Bolton | Clyde Bolton,beste | schlangenhaus
de178862-4742-4e46-ba5d-f4afc4a7ca20,Bombeck,Erma,Erma Bombeck,mittel,OpenLibrary-Titel,2,,stell herz sommerzeit | wuehltisch
dd434f8e-ac6c-4438-8c56-5d519bf6c222,Bonatti,,,keine,,0,,berge
97f26df2-a289-4215-9a0b-2802fe479053,Bongers,Marc,Marc Bongers,hoch,OpenLibrary-ISBN,1,,Porsche
403e4f04-b38b-4c93-a385-49113aef68d8,Bonner,Stefan,Stefan Bonner,niedrig,OpenLibrary-Titel,1,,generation doof
258384f4-59ca-45c5-b3c0-e8fa7aa39466,Bonnet,,,keine,,0,,provenzialische
3116127b-f5eb-485a-8f01-58de28bae2d7,Fleischmann,Lea,Lea Fleischmann,hoch,OpenLibrary-ISBN,1,,Dies ist nicht mein Land | hoehenwege
24c0bad7-c921-441d-b71a-ffd54fb7e362,Iwanowski,Michael,Michael Iwanowski,niedrig,OpenLibrary-Titel,1,,Südafrika | Zypern | geschichte
532b4411-5b22-41c2-aef7-6f8e2bf9f6f7,Jacobs,Jacques,Jacques Jacobs,niedrig,OpenLibrary-Titel,1,,boeser | untergang
81c9c963-b80c-47ab-87dd-6723523391ca,Mertz,Erick W.,Erick W. Mertz,niedrig,OpenLibrary-Titel,1,Melissa Mertz | Joshua Mertz | Tessa Mertz,berater | book
d41e5358-f685-414e-8eb7-9ba44d96bfb1,Mitscherlich,,,keine,,0,,fatima nehmt
2ba22920-63d1-464e-9a09-6581150cd876,Mistry,Rohinton,Rohinton Mistry,mittel,OpenLibrary-Titel,3,Rihinton Mistry,fine balance | gleichgewicht
09fdc4ea-702c-4acd-8bb9-47b55c5b0017,Mitnick,,,keine,,0,,friedfertige | friedfertige frau
9cb58cfb-e046-43f1-9fbd-57bef89289d9,Niazi-Shahabi,,,keine,,0,,kinder
2950defe-e38b-4cfd-9693-381249a02ef8,Nicholson,George J.,George J. Nicholson,mittel,OpenLibrary-Titel,2,,tao | weisheit
db442530-6258-43dd-a050-e543dddd1d7d,Yallop,,,keine,,0,,gottes
8fa23f3f-c791-4ccf-9b29-445ed85e796d,Badinter,,,keine,,0,,konflikt
c8898b06-d6cb-49e3-ac6b-916629859e18,Baechler,,,keine,,0,,liebe
416d3c0d-30d0-42e6-b218-a614fed21402,Baedeker,,,keine,,0,,andalusien
01420254-59fb-4775-9dd1-3f44aadf6117,Baigent,Michael,Michael Baigent,hoch,OpenLibrary-ISBN,2,,Verschlusssache Jesus | verschlusssache
edc1477b-c64c-4c19-b764-1c03817a5734,Bahro,Rudolf,Rudolf Bahro,mittel,OpenLibrary-Titel,5,,alternative
1bc0be8d-ece1-42a1-8efc-95780e142b1d,Baedekerl,,,keine,,0,,traeume
cd7e26bb-4b6a-4158-b7b1-96cd197452bc,Baeumler,,,keine,,0,,farben
f1274b8e-7d1e-4898-a1f7-7d06f4c6a4c9,Bagge,,,keine,,0,,schwarzer himmel
757f4be4-fd33-45a0-873e-e957f043812b,Barber,Noel,Noel Barber,hoch,OpenLibrary-ISBN,2,,Koraloona | Magari | Tanamera
178d6d84-ced3-4fc5-bdf7-ffa49451eddc,Bahr,Hans Eckehard,Hans Eckehard Bahr,hoch,OpenLibrary-ISBN,1,,alleinsein
575ee9dd-fa75-4405-99c1-9ef2492c3408,Bain,Carolyn,Carolyn Bain,niedrig,OpenLibrary-Titel,3,Brydie Walker Bain | Andrew Bain,neuseeland | zealand
6571e2bf-5f46-495f-abb1-536a8f6e1506,Bainbridge,James,James Bainbridge,mittel,OpenLibrary-Titel,5,,lesotho
14ea7441-ea20-4bcf-8a22-a1c104e08bee,Ballard,Robert D.,Robert D. Ballard,mittel,OpenLibrary-Titel,5,,titanic
b2dd664f-441d-48fb-9449-c739ad83a41a,Baneau,,,keine,,0,,laecheln frauen
f8fa11ca-21c9-4ba0-8436-f9ccab4a2df1,Banerjee,,,keine,,0,,buecherfluesterin | hueterin
7b938736-dc8f-4686-a28a-73994281cbe9,Bankhofer,Hademar,Hademar Bankhofer,niedrig,OpenLibrary-Titel,1,,gesund bleiben
02362ca0-a826-4012-b5ec-d29ed3641a76,Bannalec,Jean-Luc,Jean-Luc Bannalec,hoch,OpenLibrary-ISBN,1,,Bretonische Brandung
a36c06d6-51b1-4bb5-a7fc-dfbf476428ff,Barak,Homera,Homera Barak,hoch,OpenLibrary-ISBN,1,,Wo das Herz wohnt. Meine verlorene Heimat am Hindukusch | herz
c5c08b31-1ca0-48dd-945f-5a5e59bd96db,Barbato,,,keine,,0,,pathologin
086cf344-326c-41ae-8815-c2c803470ac5,Barbault,,,keine,,0,,sterne zodiac
43d79f66-aa70-4aa9-82f3-63f886906820,Booth,Stephen,Stephen Booth,niedrig,OpenLibrary-Titel,3,Martin Booth | Martin. Booth | Edwin Booth,kill | sohn schamanen
6cb75e0e-857b-4b54-a455-e24a3fb42a9f,Barbier,,,keine,,0,,verschlossenes
4bc6b26b-02de-4c48-804d-6b4abacced53,Barcelo,,,keine,,0,,stimmen
8abacaec-4da5-4d91-923c-018da9ec1357,Bardorff,,,keine,,0,,brehm
dddbbd86-a578-4192-9b1c-b9ed358cdae4,Booz,,,keine,,0,,last wild places
a2b56632-a02d-4ac5-8ea1-cc8ff266141e,Borchardt,Alice,Alice Borchardt,niedrig,OpenLibrary-Titel,1,,mauern chantalon
472d4300-86e8-48f8-a645-de3658cfb49e,Borkenau,,,keine,,0,,marx
9cf9aa3e-e2e8-49cf-9bd9-c74be20f169b,Borneman,Ernest,Ernest Borneman,hoch,OpenLibrary-ISBN,1,,Psychoanalyse des Geldes
6967ea2d-9f36-49c6-b2e2-4f38ab6a07ae,Borst,Arno,Arno Borst,hoch,OpenLibrary-ISBN,2,,Die Katharer | Lebensformen im Mittelalter
48aced2e-973c-4ee7-9003-dca5dbc0f61b,Borysenko,Joan,Joan Borysenko,niedrig,OpenLibrary-Titel,1,,buch weiblichkeit
8d6fddcb-9a72-4d1f-ade5-bf73180af120,Bosch,Manfred,Manfred Bosch,hoch,OpenLibrary-ISBN,1,,Der Kandidat F. J. Strauss
19e66814-4183-4cc0-bc87-9ada1bbd6805,Bosl,Karl,Karl Bosl,hoch,OpenLibrary-ISBN,1,,Geschichte des Mittelalters
f8a60cdc-e30a-4cf7-a0f3-c3537684f422,Botting,,,keine,,0,,unbekannte europa wildnisse
d4d3ab7c-0203-47b8-9997-70a36eca473b,Boulle,,,keine,,0,,kani
27ed99f8-3d94-41ba-a077-398ea4735601,Bourdain,,,keine,,0,,kuechenchefs
fdafe93b-7bc9-4ecd-b154-0d64c10589f6,Bowles,Paul,Paul Bowles,hoch,OpenLibrary-ISBN,1,,Gesammelte Werke 2. So mag er fallen
6f1b4755-5eb7-4b67-8a4e-55f5598cebe0,Box,Ben,Ben Box,hoch,OpenLibrary-ISBN,1,,South American handbook
dd811ad5-4728-4236-8cd9-6b997a604b56,Boyle,T. Coraghessan,T. Coraghessan Boyle,mittel,OpenLibrary-Titel,2,,terranauten
501b4515-b7ee-4d00-90ab-16ea636ef574,Brackman,,,keine,,0,,goldenen
1d8fd628-3923-47dd-bd55-02172f17f13e,Brackmann,Andrea,Andrea Brackmann,niedrig,OpenLibrary-Titel,1,,norm
138d9093-7a1e-4298-bb20-d50915e13b8f,Brando,,,keine,,0,,leben
db9dd6c8-e58a-42f7-9ece-b5ad30f606ce,Brady,,,keine,,0,,carrick
3e6eb846-35b2-48bc-afbd-00c6de15e3f2,Brambach,Joachim,Joachim Brambach,niedrig,OpenLibrary-Titel,1,,kleopatra
036b8990-e123-4d4a-b6c5-b602f3b4dff6,Branson,Richard,Richard Branson,mittel,OpenLibrary-Titel,5,,virginity
f1c7ecbc-8ab1-429c-9873-11b661e5fb7b,Brasil,,,keine,,0,,minuten
ac80e714-3e6e-4a39-9444-a8793d77b65b,Brauen,Yangzom,Yangzom Brauen,hoch,OpenLibrary-ISBN,1,,Eisenvogel
bda06cbb-cd6b-45ff-9704-aeb7fe3ca179,Brauinger,,,keine,,0,,angeles
782c1699-d863-40ac-a870-464d1897541f,Braunburg,Rudolf,Rudolf Braunburg,hoch,OpenLibrary-ISBN,1,,drachensturz | international | landschaft
2c9295b3-1118-40bf-829c-707dc8c16c1c,Braunger,Manfred,Manfred Braunger,hoch,OpenLibrary-ISBN,1,,Südwesten USA
f12ec8b2-9659-4c90-9584-4bf45d908369,Braver,,,keine,,0,,elixier
d95ab7f1-ecdd-4697-bd25-1029524a2c82,Brecher,,,keine,,0,,stop
659fcb4b-c6d2-4783-b55d-707ab45b7c06,Bredow,Ilse Gräfin von,Ilse Gräfin von Bredow,hoch,OpenLibrary-ISBN,1,,Willst Du glücklich sein im Leben. Geschichten von gestern - Geschichten von heute.
dc2cde45-cd20-47aa-b18e-32e4100d264b,Arango,,,keine,,0,,luegen
0140420e-c0d6-4460-87d8-e7dde503ac18,Breunig,,,keine,,0,,casting
a324adbd-e335-440d-bc22-04cf212a7e9a,Brewer,,,keine,,0,,affenschule
b9fc1092-8c63-46ed-be95-0168b00203dd,Brierley,,,keine,,0,,lange
f4030ec2-736c-4982-a6e4-703cd5be4135,Briggs,Philip,Philip Briggs,hoch,OpenLibrary-ISBN,1,,Uganda | kinderleicht
3cb7f8a7-6d57-4fbf-8df5-79ea2d069e8b,Brille,,,keine,,0,,tatortreiniger
aeae750f-85cf-468e-82ae-7a4bef33cb8e,Brinkbaeumer,,,keine,,0,,reise
72041de3-b244-480c-bd9c-8d13a4b84113,Brinke,Margit,Margit Brinke,mittel,OpenLibrary-Titel,3,,york
bc5a6371-8940-4361-a9fa-e2b8e7c7a335,Brinkmann,Rolf Dieter,Rolf Dieter Brinkmann,mittel,OpenLibrary-Titel,2,,acid
d0a7f7d2-a37f-4725-86c2-b80e9da16cea,Briscoe,,,keine,,0,,kann haesslich
e8fd6a1c-20a9-435b-8eca-29691abf9300,Brissaud,André,André Brissaud,hoch,OpenLibrary-ISBN,1,,canaris
835855b8-51c9-4a2a-af67-dd95d5baec43,Britton,,,keine,,0,,agent
7629531b-c745-41dc-a3e6-26051c8be31e,Brockway,Connie,Connie Brockway,hoch,OpenLibrary-ISBN,1,,Diebin der Nacht
5e4b81b7-855e-437b-bd90-ab34a9aaa7fd,Broers,,,keine,,0,,metamorphose menschheit 3
e385d083-4dd6-47e6-9af3-08e068f9df36,Brokken,Jan,Jan Brokken,hoch,OpenLibrary-ISBN,1,,Die Vergeltung - Rhoon 1944
d5345e5f-c79f-419c-9bd0-586a7d7e1a3e,Bronte,Charlotte,Charlotte Bronte,niedrig,OpenLibrary-Titel,5,Emily Bronte | Anne Bronte,eyre
8b8f8d48-51a8-4d86-ab13-83376ed99e44,Barille,Elisabeth,Elisabeth Barille,niedrig,OpenLibrary-Titel,1,,venus
96f3937f-0517-458f-8b35-9f87baef95b3,Brothers,,,keine,,0,,10 vollkommenen gedaechtnis
f73f10dc-f85b-4d37-a367-dffc18da50c2,Bruce,,,keine,,0,,maenner
f69622d7-f1a4-4018-baa2-59f21f9b9ab7,Brueckner,,,keine,,0,,jauche poeninchen quints | quints
5238a4a5-e705-4837-9d11-dc0dc5d69d54,Bruel,Annie,Annie Bruel,niedrig,OpenLibrary-Titel,1,,gesang zikaden
7e5ca7de-efd4-44d8-9aa5-7e253619066b,Brugh,,,keine,,0,,herrin
17fbbd96-0c6d-471e-ac47-92f3a34757ea,Bruhns,Wibke,Wibke Bruhns,hoch,OpenLibrary-ISBN,1,,Meines Vaters Land (German Edition)
9b6d8900-efc1-490a-a33f-d0dda4aec8a2,Bruker,Dr. med. M.O.,Dr. med. M.O. Bruker,niedrig,OpenLibrary-Titel,1,,nahrung
26e7f2c8-183a-42e2-9f18-acde0fbb3c55,Brummel,,,keine,,0,,scheiss
65629bf5-c743-4152-892e-f048ed10412d,Brummer,Horst,Horst Brummer,hoch,OpenLibrary-ISBN,1,,USA - der Osten
be8404b9-5ecd-4900-95b4-ceb67f5d087a,Brustat-Naval,Fritz,Fritz Brustat-Naval,mittel,OpenLibrary-Titel,2,,rettung
b52717d0-4f34-43c9-994f-5a9db2bb935d,Buchwald,Gerhard,Gerhard Buchwald,hoch,OpenLibrary-ISBN,1,,Impfen. Das Geschäft mit der Angst
83bd6041-2ed9-40b9-bb92-2e5057e5ffbc,Buehrke,,,keine,,0,,genial gescheitert
6638920d-d4e2-44e1-a8dc-69bbe75bb7c4,Buellmann,,,keine,,0,,einzige reise
0781c0c1-e6f4-4ced-a3a4-12fabb659136,Buschkowsky,,,keine,,0,,luegen | neukoelln
10d04a5e-cd01-451a-b182-7c567bc9f8b6,Buddenkotte,,,keine,,0,,hatte alle
724c2675-1a95-42e9-8271-b544aebddda7,Budnitz,Judy,Judy Budnitz,niedrig,OpenLibrary-Titel,1,,Große Sprünge. 22 Short Stories.
fbbf6810-8979-43fa-b1e2-3c7359cf5474,Buechner,Georg,Georg Buechner,mittel,OpenLibrary-Titel,2,,woyzeck
950851c1-3e29-4ec9-8bbd-cdb6fcc0a30f,Buedeler,Werner,Werner Buedeler,hoch,OpenLibrary-ISBN,1,,Geschichte der Raumfahrt
8d566dc3-0218-4828-a193-ac7332710e07,Buhl,Hermann,Hermann Buhl,niedrig,OpenLibrary-Titel,1,,achttausend
9db6d10b-533d-41d7-a9da-f401cb81ef51,Buiko,,,keine,,0,,goldene
cb30385f-1b4b-447f-8793-312ee6eba21f,Buisman,Hanns,Hanns Buisman,hoch,OpenLibrary-ISBN,1,,Spanien
667cb2aa-ab17-4cef-a37a-7a4274d5f4ab,Bukowski,Charles,Charles Bukowski,hoch,OpenLibrary-ISBN,1,,Hollywood. Roman | eisgang
25865659-86be-4d84-ba22-298bac11334d,Bunch,Chris,Chris Bunch,mittel,OpenLibrary-Titel,2,,Die Fernen Königreiche.
2823f5d0-1c51-4acb-b5a4-e8a65a1cf953,Bunin,,,keine,,0,,grammatik
f4219a85-1a06-4538-95c3-5514646d7ad9,Bunk,,,keine,,0,,frauen morden
5013d8c5-671e-4b33-87ac-2883c4b81922,Bunt,,,keine,,0,,subjektiv
485a5f8e-b59a-4f20-8f62-ee8233719c80,Bunzel,,,keine,,0,,osterie
958fb865-d55d-44f8-a939-c18b86d13f9a,Burchill,Julie,Julie Burchill,niedrig,OpenLibrary-Titel,1,,scheide kann | waffen susan
b0945e6f-c4c5-4af0-866e-1b304e10067e,Burdett,John,John Burdett,mittel,OpenLibrary-Titel,2,,hongkong | letzten tage hongkong
f4f19723-2fdd-42f1-888c-e73fc389ef48,Burgard,,,keine,,0,,journalismus
6c1c5d9e-75ea-425a-9699-e8506bdceb7f,Burgh,,,keine,,0,,steinerne
dc6291ed-aeb8-4fac-81b2-501800a7961b,Burns,Janice A.,Janice A. Burns,niedrig,OpenLibrary-Titel,1,Suzanne Burns,sarah's
67b7b6d5-20d9-4f00-870c-d74e7d56d224,Burroughs,Edgar Rice,Edgar Rice Burroughs,hoch,OpenLibrary-ISBN,1,,Tarzan
62933c3a-4d63-4f72-be81-f25530757222,Burton,Maurice,Maurice Burton,niedrig,OpenLibrary-Titel,1,,tiere
4b4ae35d-7d58-4c0c-88b1-3b650ae7e3cc,Buscaglia,,,keine,,0,,einander lieben
19203df9-c710-4763-9ab0-cc366b73d977,Buscaini,,,keine,,0,,patagonien
68fe3d8c-7920-475e-abaf-c94b3d6b3045,Busch,Wilhelm,Wilhelm Busch,mittel,OpenLibrary-Titel,5,,moritz
afa0a52d-85a6-4d5a-b590-24ce478fe142,Buschey,Monika,Monika Buschey,niedrig,OpenLibrary-Titel,1,,geliebte
63117397-e86a-4542-960e-b57d2d6356e0,Busquets,Blanca,Blanca Busquets,niedrig,OpenLibrary-Titel,1,,Woll-lust dolores
ecc3fa37-9c4e-48b2-9095-c9c45f16ca49,Busse,,,keine,,0,,konsumenten
c930a782-dfb8-42b7-b214-59970128623f,Buzzatti,,,keine,,0,,tatarenwueste
4018286f-47e4-440c-83fb-b6da958d44b7,Byham,,,keine,,0,,magische pfeil
a5529e77-4f2a-4f16-b4e0-06980fac143f,Byrnes,,,keine,,0,,relictum
6d6113a4-ad9e-4699-93af-06cae2e038d5,Barnett,,,keine,,0,,welt
a6d52e68-5bf7-48d4-88d6-77ebb46beab3,Barnhardt,,,keine,,0,,dreizehnte
ed9e6c6b-f8bb-47c9-b5a1-b56465bc1e0c,Baron,,,keine,,0,,griechische
ebd950c8-f89f-494d-aa69-1044f648893f,Cabot,Meg,Meg Cabot,hoch,OpenLibrary-ISBN,1,,Plötzlich Prinzessin
fde41bb7-7b6e-4b5f-86dc-8a840641fe6a,Cabre,Jaume,Jaume Cabre,niedrig,OpenLibrary-Titel,1,,Die Stimmen des Flusses
27af4cbe-8099-478b-ab64-debdc4e8df92,Cadeggianini,Georg,Georg Cadeggianini,hoch,OpenLibrary-ISBN,1,,Aus Liebe zum Wahnsinn
29ff1d25-920d-4a41-83db-736a2bff1696,Cadegginanini,,,keine,,0,,liebe  wahnsinn
4c7e8aac-39ba-4084-9cd1-93412eebe275,Cage,,,keine,,0,,eleni
5d8994f2-7e6f-4d4b-8c14-8dde34c6acaf,Caidin,Martin,Martin Caidin,mittel,OpenLibrary-Titel,2,,witch
c9407f2c-3d5a-41c2-860e-395a2ebdd881,Calder,J. M.,J. M. Calder,niedrig,OpenLibrary-Titel,1,,liebst
4315c017-712b-42e0-b7aa-4f7630a0b590,Caliskan,,,keine,,0,,violence women war
a3b95a92-e8b0-4577-90e1-4d14590f16aa,Campbell,,,keine,,0,,leoparden | wilder tag
9666dad7-f613-40e8-ac08-01d814c08adc,Campobasso,,,keine,,0,,stopp alterungsprozesses
35930752-e819-44c6-ae2a-68dfb352dec0,Canin,Ethan,Ethan Canin,hoch,OpenLibrary-ISBN,1,,Blue River
42449cee-310d-4ea2-92d7-caf63427bec3,Caplan,,,keine,,0,,brauchst einen guru
52112dbf-08ae-4743-bd15-54fad0b152c6,Capote,Truman,Truman Capote,hoch,OpenLibrary-ISBN,1,,A tree of night: and other stories | tiffany
5e1e15d4-965a-413c-a08f-f860bfc56efd,Cardinal,,,keine,,0,,inlandreide | schattenmund
71be7aab-00d1-4c29-a724-c244cc592fe4,Carell,Paul,Paul Carell,hoch,OpenLibrary-ISBN,1,,Verbrannte Erde. Die Schlacht zwichen Wolga und Weichsel
da7a05c6-1d61-456c-9515-4f562233f942,Carels,,,keine,,0,,raphaels frauen
bd1df85c-5b6c-4c48-9978-fb85512effa5,Carlton,Jan,Jan Carlton,mittel,OpenLibrary-Titel,2,Jan McBride Carlton,fashion
7c7f912a-a9c1-4e34-a4ae-078df956538b,Carmichael,,,keine,,0,,zoe
d258cf66-5728-4edc-9cd1-79ca4a71a229,Carmin,E. R.,E. R. Carmin,niedrig,OpenLibrary-Titel,1,,geheimgesellschaften
4d70836e-745a-430c-8a0e-26247df53b74,Carothers,,,keine,,0,,kraft leben
25b51825-361f-4784-bdc5-365c13f48ee4,Carpendale,Howard,Howard Carpendale,mittel,OpenLibrary-Titel,2,,oben
48f3e569-6398-4c5f-ad6f-f7135a5918cf,Carpiceci,,,keine,,0,,pompeji
a01e9407-efd1-4ac3-83c6-ed117218f87a,Carr,,,keine,,0,,einkreisung
b7fde6b1-00c3-498c-835d-d7ebee2fcd08,Carra,Massimo,Massimo Carra,hoch,OpenLibrary-ISBN,1,,Elfenbein
f5323ea3-0806-4dc2-992f-5c133c296ed0,Carreras,José,José Carreras,niedrig,OpenLibrary-Titel,1,José Carreras | Jose Carreras,seele
20a29ec4-e1c2-4ab6-bb7b-8693a64698b3,Carwandine,,,keine,,0,,delphine
4fbe6344-4a35-433c-b2dc-8f8565ae0c04,Caseary,,,keine,,0,,speer
14d94d08-66da-455f-a98e-c7dc6ac4cb53,Casper,,,keine,,0,,zehntausend
73e8f7c2-113e-400a-8894-37f01463dd11,Castonier,Elisabeth,Elisabeth Castonier,hoch,OpenLibrary-ISBN,1,,mill-farm
efdfc730-aa4c-4985-b989-c245d4c9e006,Castro,,,keine,,0,,schelme
0c8e215b-cee9-4aba-8463-477e4c4c1ab0,Casanova,,,keine,,0,,wilde merci
0b729c6a-0eea-4e16-a5eb-61c601030187,Celik,,,keine,,0,,yakamoz
0346622a-0695-432e-b8f9-5d8c4d216ee8,Celine,,,keine,,0,,schloss andern
aa41c44b-81cb-41ae-b603-760760a7222a,Cerci,,,keine,,0,,buchevangelisten
a51b3e5f-ea61-4da5-a28e-927d7f4d7d1c,Cerrato,Rosa,Rosa Cerrato,niedrig,OpenLibrary-Titel,1,,valle
ca4679ce-05d4-468d-b778-d8fc0c28ebf7,Cerutti,Herbert,Herbert Cerutti,niedrig,OpenLibrary-Titel,1,,china pulver
6e0059b6-bdf6-472b-b0d7-36056671c40d,Ondaatje,,,keine,,0,,englische
3f9ade32-4a2d-472c-8070-5ef6301b51e0,Cevikkollu,,,keine,,0,,moslem-tuev
aa65797b-4ade-4168-85ea-61ce443c8363,Ceylan,Bülent,Bülent Ceylan,hoch,OpenLibrary-ISBN,1,,Ankommen
457e251e-061c-4361-9c16-99a4111e35c7,Chabbert,Rosy,Rosy Chabbert,niedrig,OpenLibrary-Titel,1,,leonella
57f73e8a-46b6-4845-a869-aea45ea4526b,Chafets,,,keine,,0,,feine erben
e111f475-513e-43df-b2ab-1d0656b932f8,Chaiton,Sam,Sam Chaiton,niedrig,OpenLibrary-Titel,3,Terry Swinton Sam Chaiton,hurricane
264044e2-b276-4ff0-86d2-b53cb1de851a,Chamberlin,Eric R.,Eric R. Chamberlin,niedrig,OpenLibrary-Titel,1,,Rom
0d479e25-53c3-4b73-880c-1707f8c5e7e0,Chan,Jackie,Jackie Chan,mittel,OpenLibrary-Titel,2,,Jackie Chan. Mein Leben voller Action. Die Autobiographie.
e0cfd266-1136-4158-9622-c8848fe064a3,Chaplin,Charles,Charles Chaplin,mittel,OpenLibrary-Titel,2,,lebens
63383c4f-5d85-42e9-802d-d17925bcbf62,Charroux,,,keine,,0,,vergessene
552101ed-48bc-4ce3-889e-1747ede90760,Charyn,,,keine,,0,,tod tango koenigs
57b99b32-85c8-4cec-8380-1817a765dfe7,Chase,Truddi,Truddi Chase,hoch,OpenLibrary-ISBN,1,,aufschrei
117fc64b-f11b-4267-8ebb-c844c2cb86aa,Chatum,,,keine,,0,,patagonien
4ab364f1-1ff4-4787-bd43-d2cba8d513ca,Chaudhary,Urmila,Urmila Chaudhary,niedrig,OpenLibrary-Titel,1,,sklavenkind
4557853b-818c-4716-b1f3-499f2490001e,Chawla,Navin,Navin Chawla,mittel,OpenLibrary-Titel,4,NAVIN Chawla,teresa
dc1a8b65-9ca1-4e01-b6ef-778aa06ef386,Chen,Hanne,Hanne Chen,hoch,OpenLibrary-ISBN,1,,Kulturschock China.
b93dcbff-63d4-4e87-b475-b204e9f040a4,Chidolue,,,keine,,0,,schoenste allen
c16df814-2b2a-40e0-b8f3-0588aa34836a,Chief,,,keine,,0,,mensch
0dc1ac6d-6595-45b9-b69a-999a412ddd56,Chesterton,Gilbert Keith,Gilbert Keith Chesterton,mittel,OpenLibrary-Titel,3,,pater
14c7f38b-b10b-4171-8fdb-7509e2bc21a4,Chevalier,Tracy,Tracy Chevalier,hoch,OpenLibrary-ISBN,1,,Das Mädchen mit dem Perlenohrring
8668ba27-5efd-42c9-aa49-cbe807b14fa8,Chidolne,,,keine,,0,,bist irre
3a33a1a6-d9aa-4d15-a875-509196e12631,Chinglie,,,keine,,0,,perlen | saenfte
a3ac4285-6935-43fb-b7bc-18bc74cc33e8,Chirbes,Rafael,Rafael Chirbes,mittel,OpenLibrary-Titel,2,,marsch
aae4802d-3113-4a82-8e7d-799cc1d4096d,Chiu,,,keine,,0,,schafe
8ae4e17b-b6db-4792-ba7c-5b98fbeb04c5,Choi,,,keine,,0,,reue
ff7f8ded-0818-4ee6-bd1e-3dee3d6f66cf,Chollet,Francois,Francois Chollet,mittel,OpenLibrary-Titel,5,,learning
0cb2ade9-e374-44a3-8a34-50dfcd278df2,Chorwatowa,,,keine,,0,,petersburg
4ac77b5d-1786-48c1-9748-80516311c2e6,Christ,Richard,Richard Christ,niedrig,OpenLibrary-Titel,1,,Mein Indien
bfcce21a-6756-4653-8026-3d65dbe5da55,Christen,,,keine,,0,,beginenfeuer
a1f958b5-9c04-465b-bef5-72628c98a37e,Christianson,,,keine,,0,,schlank stress
1c9cf744-87a6-4c3f-a001-064701e40450,Christilian,,,keine,,0,,manhattan
d59dacca-c2f5-4c3b-b8f3-4aea21331462,Alaiyan,Halima,Halima Alaiyan,mittel,OpenLibrary-Titel,3,,vertreibung paradies
c2994c71-6cc8-4918-bfd5-48fd59bf44c8,Chung,,,keine,,0,,il
db7b65a6-5418-4841-a251-ee1c235ba8d6,Chupack,,,keine,,0,,Zwischen
77c8811f-b50c-4ed2-8ac7-5482e6d9abed,Chwin,Stefan,Stefan Chwin,niedrig,OpenLibrary-Titel,1,,pelikan
13a9c3cf-9a9a-42c5-9a25-d0800ba8eddb,Ciantar,,,keine,,0,,1000 peking
685ecf03-2526-483a-83fe-69a9cbf7d28b,Cileli,Serap,Serap Cileli,hoch,OpenLibrary-ISBN,1,,Eure Ehre - unser Leid | toechter ehre
770d0d92-eef0-47e3-bd83-cc492dc62eba,Claire,,,keine,,0,,venus
842c42f8-615c-48c3-b6ab-f3ddbeb2424e,Clare,,,keine,,0,,schuld
bd7596ab-affc-40aa-8b74-252f1ed3b34a,Clarin,,,keine,,0,,durchgeblaettert
2ce18ce3-ae04-4ea5-a83f-f278e70c6975,Clarke,Stephen,Stephen Clarke,hoch,OpenLibrary-ISBN,2,,Merde Actually | merde actually
86844439-40da-41a1-87e9-6f852d82bb53,Clarkson,Jeremy,Jeremy Clarkson,hoch,OpenLibrary-ISBN,1,,The World According to Clarkson
e3c0552d-352f-4a42-8876-4325a6aa6e5d,Clason,George S.,George S. Clason,hoch,OpenLibrary-ISBN,1,,Der reichste Mann von Babylon | reichste
7fc33a54-7a2b-457a-8bf0-fd5d156af2f3,Classen,Norbert,Norbert Classen,niedrig,OpenLibrary-Titel,1,,tolteken
b7283ca5-3e7a-4a0d-b8c8-5851715a1cf7,Clayton,Peter A.,Peter A. Clayton,hoch,OpenLibrary-ISBN,1,,pharaonen | revolution
6a659894-5397-46a2-b52c-0766f8efb227,Cleland,John,John Cleland,mittel,OpenLibrary-Titel,5,,fanny-hill
466d6ee9-c4e3-403d-b820-2aeab7a2c38a,Clement,Catherine,Catherine Clement,hoch,OpenLibrary-ISBN,1,,"Diana-Taschenbücher, Nr.57, Eine Liebe in Indien | indien"
b0ba575b-3239-4599-9f26-e4fa8e0ad5e8,Clifford,,,keine,,0,,pendler | verschollen
bb2d138e-541c-4813-aaa0-0f740e46287a,Clinton,Bill,Bill Clinton,hoch,OpenLibrary-ISBN,1,,Mein Leben
259f1d1e-6e33-496e-b712-00a4712d686d,Clive,,,keine,,0,,himmelhunde
7ac65287-aff0-4043-80c2-f85be50166c8,Close,William Dr,William Dr Close,hoch,OpenLibrary-ISBN,1,,Ebola
150c9051-1ad8-4066-a0fa-0992d0cb52c0,Clow,,,keine,,0,,chiron verbindung planeten
9b811534-c924-4783-b422-2e4ee0f744cf,Barone,,,keine,,0,,hausmittel
6b31b97c-8096-46d0-8b3c-6c818cfe12ac,Bartels,,,keine,,0,,dicke freunde
377561c8-e84e-4e1c-b99e-0017f4aef31d,Barthel,Manfred,Manfred Barthel,mittel,OpenLibrary-Titel,3,,jesuiten
b1824790-a881-4797-8306-f1a4160a2d1d,Cobbinan,,,keine,,0,,ghana
a2628bfb-cc59-4b05-a8c8-a90adb5868de,Cochran,,,keine,,0,,jahrhunderte
f0ed36c4-c32f-4c3b-80f6-d949a6dbeeb3,Coe,,,keine,,0,,kolumbus
f9890a5c-47d0-4d9d-81d0-94abcd7bb3fc,Coeppel,,,keine,,0,,carcassone
be97cc43-2237-4c02-9377-a1aacbe8394c,Cole,Nick,Nick Cole,niedrig,OpenLibrary-Titel,1,,gefangene
09af479c-55b4-4aeb-86e8-2d87ba2ab08c,Colman,Sam,Sam Colman,hoch,OpenLibrary-ISBN,1,,Das Leben - Live
6ce3545e-1c45-4096-892a-24740af1bfea,Commer,Heinz,Heinz Commer,mittel,OpenLibrary-Titel,2,,manager | manager-knigge
e2e1dd3c-e416-4de6-a339-10eb80d7135d,Conde,,,keine,,0,,berg legende | segu lehm
3848ae3e-a60d-4e0f-b4e4-fdd31b3fb027,Condie,Ally,Ally Condie,hoch,OpenLibrary-ISBN,2,,Atlantia | Cassia & Ky -- Die Auswahl
5b237abc-2869-4f73-b68c-4fd7b5ac1f26,Conley,Robert J.,Robert J. Conley,niedrig,OpenLibrary-Titel,1,Markus S. Conley | Kevin Conley | Anne Conley,wind
1466b8f3-5054-4b9e-a94f-137ef569ec27,Controneo,,,keine,,0,,dreizehn
938988b9-8ee2-44cb-ac76-c525ef00d399,Connelly,Michael,Michael Connelly,mittel,OpenLibrary-Titel,5,,witness
1519f3d9-b4f3-481f-b2ae-b5356883b456,Conran,Shirley,Shirley Conran,mittel,OpenLibrary-Titel,6,,eyes | frauen
f95ff831-85a8-44bc-8102-9e37f92ad7ef,Cookson,,,keine,,0,,sturms | verhaengnisvolles
4424b6c4-9534-474f-9d2b-624855312d87,Cooney,Eleanor,Eleanor Cooney,niedrig,OpenLibrary-Titel,1,,anaxandra | eiserne
62417da3-cd7b-4bbe-894e-5404a2add6d3,Copperwaite,Paul,Paul Copperwaite,hoch,OpenLibrary-ISBN,1,,The Mammoth Book Of Drug Barons Pablo Escobar Howard Marks The Cali Cartel Curtis Cocky Warren Michael Forwell John Haase Paul Bennett And Many More
0691d002-a4ae-47ba-b951-85dcb50d010b,Corazza,Verena,Verena Corazza,hoch,OpenLibrary-ISBN,1,,Kursbuch Gesundheit
80de91e1-e723-4083-b2e3-fbe01eef122a,Cordonnier,,,keine,,0,,verfuehrerin
94d3fa57-b102-48d0-b387-58d7b8210063,Cormann,Marte,Marte Cormann,niedrig,OpenLibrary-Titel,1,,dente
58ca9575-f318-4c02-b5de-713ccb6eadc4,Cormier,Robert,Robert Cormier,mittel,OpenLibrary-Titel,5,,first
b0dd803a-8611-4b8b-91f3-895f4d5c0b2e,Corona,Laurel,Laurel Corona,hoch,OpenLibrary-ISBN,1,,Die Geigenspielerin
8938fdfe-945c-4a4f-9a00-cda14d145376,Cory,,,keine,,0,,boxershorts
a7ea35bb-7e2f-40ac-a9ff-69878551200b,Costello,,,keine,,0,,sequest toedlicher terror
d4956101-818b-4302-865d-d00d700afefe,Costner,,,keine,,0,,waterworld
b837470a-19cb-40a9-9798-84c918b0d7e5,Coulonges,Henri,Henri Coulonges,mittel,OpenLibrary-Titel,2,,dresden
387f5dbd-6a2e-44da-9b8c-73acbcccb85d,Courtney,,,keine,,0,,grosse los
6bf4a2a7-ca1d-4c50-8f96-822c7fbc5f99,Courts-Mahler,,,keine,,0,,sehnsucht
78c677ad-d34b-432b-9784-ae5ad6592eff,Cravan,,,keine,,0,,boxer poet
877b8aa1-c5e5-4bc9-83ba-5cc9efd6968b,Crebillon,Claude-Prosper Jolyot de,Claude-Prosper Jolyot de Crebillon,mittel,OpenLibrary-Titel,5,,sofa
930967b5-4a56-4654-bc84-4bd657ca8818,Crescimbene,,,keine,,0,,aegypten
ead01527-43f5-49c5-aac8-b96f784606db,Crespelle,Jean Paul,Jean Paul Crespelle,mittel,OpenLibrary-Titel,3,Jean-Paul Crespelle,picasso
54aaa492-13ed-416e-bbcc-b0d0c82d4ec9,Crimes,,,keine,,0,,stargazey
d1e0be8e-38c6-4eae-9fc3-ce1538c510fd,Cristen,Marie,Marie Cristen,niedrig,OpenLibrary-Titel,1,,beginenfeuer
42fedbb1-0fdb-49c7-adeb-664e1dc518cb,Crockett,William V.,William V. Crockett,hoch,OpenLibrary-ISBN,1,,Das Vermächtnis der Keltin
618f54c8-f73a-4779-b6c8-848d8a29416d,Croenert,,,keine,,0,,ewige licht notre
43ff6a59-c6fb-4ec2-b914-45985f0215aa,Croggon,Alison,Alison Croggon,niedrig,OpenLibrary-Titel,1,,gabe | gabe true
455af9d9-da24-4bd6-9284-718d05a762da,Pachl Eberhart,,,keine,,0,,vier
0b2dc343-3afd-4850-8fff-12a1fab80bca,Colette,,,keine,,0,,Die Fessel | claudine
540e696f-4f94-47d7-a2b7-2daac17bd347,Bartos-Hoeppner,,,keine,,0,,taigajaeger
81f97d55-b1cc-491f-a02c-23abe565f868,Cropp,Wolf-Ulrich,Wolf-Ulrich Cropp,mittel,OpenLibrary-Titel,3,,alaska
906a16d4-e487-490a-9bdf-1d42c9adadf5,Crowell,Charles,Charles Crowell,hoch,OpenLibrary-ISBN,1,,Dubai
1c199b68-5861-4166-95e9-a767824cda2f,Crowther,Nicky,Nicky Crowther,niedrig,OpenLibrary-Titel,1,Caleb Crowther | Jan Crowther,rides
c83d759d-ee36-46ff-8c3c-1e82116b6c8d,Csampai,Sabine,Sabine Csampai,hoch,OpenLibrary-ISBN,1,,kiesbett
bfc10ddd-7bbc-46e2-aaf5-d88c681d6e1f,Cuneo,Anne,Anne Cuneo,mittel,OpenLibrary-Titel,2,,zaida
9f5ab6fb-6653-4316-8b25-7b930e6f52a8,Curry-Lindahl,,,keine,,0,,knaurs
e5c36751-3743-44fc-a8b0-3e0b6b8af2b5,Cutler,,,keine,,0,,regeln gluecks | rhythmus liebe
214ced2f-8d81-44e8-94eb-28be94b1d24e,Czerny,,,keine,,0,,kindern schule | polstuermer
1abb58b8-4682-4d62-b5c4-d1e234958f42,Czuday,,,keine,,0,,arktis
0a518e7b-d733-4b88-959a-dd8c914e5eb8,Daerr,,,keine,,0,,seychellen | tanger
1ed99108-9a05-4a14-8283-25d8fecdd9d6,Dailey,,,keine,,0,,suedwesten
a89ab006-7d1c-443a-a148-ca0ab1fd1eee,Dalos,György,György Dalos,mittel,OpenLibrary-Titel,2,,letzte
67e7f260-cbd9-4d4b-94cc-fa6199784cb7,Danella,Utta,Utta Danella,hoch,OpenLibrary-ISBN,1,,Jacobs Frauen
50e2a9f6-f9c6-4dfd-86f5-0551d893480f,Daners,Peter,Peter Daners,hoch,OpenLibrary-ISBN,1,,DuMont direkt Reiseführer Istanbul
cb1a464a-568b-4682-af80-26f24cd20190,Dangor,Achmat,Achmat Dangor,hoch,OpenLibrary-ISBN,1,,Bitter fruit
d2b449ff-a10d-4153-9c28-84d53daa14eb,Danielson,,,keine,,0,,loewen
f0f39a1e-4205-405f-896f-650b28654a6d,Danneker,,,keine,,0,,faszinosum
bf1e7e20-3dcb-4758-b05d-a2361f55e260,Dara,Domenico,Domenico Dara,niedrig,OpenLibrary-Titel,1,,bibliothek verlorenen | girifalco
bb92a2e8-5cd3-497d-8906-10293ac7513b,Darnton,John,John Darnton,niedrig,OpenLibrary-Titel,1,,tal lebens
a11aa705-fe12-4fd5-a20f-c4ca1aaa3ced,Darvriechewy,,,keine,,0,,schokoladeneis
43f34038-c1da-46cb-b972-e76c5ff39d2d,Dashner,,,keine,,0,,auserwaehlten | brandwueste
4c3abff2-8925-4aa2-a9fe-f134ca0a5cec,Daub,,,keine,,0,,backstage sieht anders
0f23bea8-e14a-416e-a274-2e8502cf5118,Daute,Horst,Horst Daute,niedrig,OpenLibrary-Titel,1,,bonsai
e242fe81-b2de-458b-a0e8-66e406af90ab,Dauthendey,Max,Max Dauthendey,hoch,OpenLibrary-ISBN,1,,Die acht Gesichter am Biwasee
b51cdb11-589c-44c0-9c1d-db0d2a6e593a,David-Neel,Alexandra,Alexandra David-Neel,hoch,OpenLibrary-ISBN,1,,Mein Weg durch Himmel und Höllen
fb0aebf2-9839-4e69-98da-d1fa68419737,Davidson,MaryJanice,MaryJanice Davidson,hoch,OpenLibrary-ISBN,1,,"You and I, me and you | rose  tibet"
5efa9ade-32d6-41ad-8d6f-536803239060,Davies,Nigel,Nigel Davies,niedrig,OpenLibrary-Titel,1,,azteken | leidenschaft
02a27204-f294-4745-ac1a-99580e104e2b,Davis,,,keine,,0,,Tod am Nil
4449b669-4c59-4c37-ae3c-23212fca84e7,Degre,Tippi,Tippi Degre,hoch,OpenLibrary-ISBN,1,,"Tippi aus Afrika. Das Mädchen, das mit den Tieren spricht"
18efdcc8-95c3-4449-8b68-5efd058c82c8,Dehio,Georg Gottfried,Georg Gottfried Dehio,niedrig,OpenLibrary-Titel,1,,kunstdenkmaeler
e20a96ae-7cdb-44a6-8240-89d3c16939b7,Delbee,Anne,Anne Delbee,hoch,OpenLibrary-ISBN,1,,Der Kuss Kunst Und Lebeb Der Camille Cla
fe4176a7-3bcc-43f6-953f-cbfd840622ea,Delderfield,,,keine,,0,,englaender
e1dbd5c2-1731-4328-9185-739fc88e4c37,Deml,,,keine,,0,,gruenes geld 2020
81e220c4-1249-409b-918d-c7ed280d3289,Pahlen,,,keine,,0,,argentina
a3d25858-1063-49ec-94bb-9581e454a49c,Palmerlee,,,keine,,0,,gesammelte
72ab0b79-3f58-4e0d-a4cd-f2ac5a4034f3,Dentristy,,,keine,,0,,molwanien
7fe6ad09-37f9-4912-95e4-bcc497f44025,Denuziere,Maurice,Maurice Denuziere,niedrig,OpenLibrary-Titel,1,,mississippi
de7d1677-faf7-4945-8726-d6022b86003c,Denzel,,,keine,,0,,tao hoehlenmaler
12d05f9e-d57d-48e7-9a61-f9c8af339ddf,Deonna,,,keine,,0,,frauen kriegen
2ed3f468-3e77-4093-85b5-e16b63a2db22,Dershowitz,,,keine,,0,,sunny
44172fd3-648f-4063-854b-20f1f07994eb,Derstapivan,,,keine,,0,,blond
703da74e-cd66-448c-8ada-bbc58acc6af4,Dey,Reinhold,Reinhold Dey,mittel,OpenLibrary-Titel,2,,schweden
966a8362-1ed8-4b94-a587-f736a7b60bbe,Diacont,Kerstin,Kerstin Diacont,hoch,OpenLibrary-ISBN,1,,Was die Cowboys noch wußten
c9bb4f99-b6a5-421a-b6b0-1a84ccccc4e1,Demski,Eva,Eva Demski,mittel,OpenLibrary-Titel,4,,Afra
508ebde8-fcd6-456a-9a38-4c4ddc510cab,Dick,,,keine,,0,,kalifornien las canyon
d233bd25-a9eb-4481-b23f-2d2cc92a3cce,Didion,,,keine,,0,,was meine
66f827b4-f224-402e-9bd0-6e23df33a7e4,Dieckie,,,keine,,0,,nostra
4d1a68b9-bcd1-4d0a-aaff-e80c3ea1180f,Dickie,John,John Dickie,mittel,OpenLibrary-Titel,9,,cosa nostra | geschichte
4c2c2549-3dba-4c49-914f-4afae09de47a,Dickinson,,,keine,,0,,drama everest
5487f87c-c7cf-4798-8b17-b058ea460fd7,Diederichs,,,keine,,0,,altaegyptische
7066d4f5-ea64-40ba-83e6-5990da0bf68f,Diehl,,,keine,,0,,uhr nicht tickt
7082455f-ef06-4d88-b584-f9000bc3616f,Diekmann,,,keine,,0,,laengste
aec8258b-154d-42d7-9173-ce5e5068c312,Diesch,,,keine,,0,,persien | verheiratet persien
2e68ab6b-a031-413a-84b7-228fd2c70f53,Dietl,Helmut,Helmut Dietl,hoch,OpenLibrary-ISBN,1,,Rossini
19c7c5cf-b8df-48be-a851-228279dc156a,Dietsch,Klaus Andreas,Klaus Andreas Dietsch,mittel,OpenLibrary-Titel,2,Klaus A. Dietsch,china
5c42b5a6-ef2b-4288-abd0-e7e87bf018c4,Diettrich,,,keine,,0,,irland
bd26402f-7e1c-4823-8292-7835c6a57927,Diffenbaugh,Vanessa,Vanessa Diffenbaugh,niedrig,OpenLibrary-Titel,1,,verborgene sprache blumen
a637010e-e8e0-4d30-8908-8a145153ed4d,Digest,,,keine,,0,,schweitzer
5095dba9-956f-4ba2-adce-03a96018ba85,Dijan,,,keine,,0,,erogene
7c5ec020-c985-4ef0-ab3f-00707d73169c,Dikoetter,,,keine,,0,,verlorenen
a2e7b1b8-6075-43a9-b0f6-b988bdee1565,Dimde,,,keine,,0,,paranormal
e267b292-98d3-4987-aab3-f0260eec9e93,Dimitriou,,,keine,,0,,tuerkische westkueste
36f14d83-0652-4c09-8980-327a78d1b353,Dines,,,keine,,0,,sopranistin koenigin
c0e7dca7-55e5-484f-ad6f-47392e7dc5b2,Dinneen,,,keine,,0,,leoparden
f3f89054-2135-48db-8737-dd459946ebd5,Dion,Anna,Anna Dion,hoch,OpenLibrary-ISBN,1,,kleidermacherin
27237aa0-8469-4cd9-ab04-af49264ce8c0,Disney,,,keine,,0,,grosse tierbuch | tierbuch
b39a89ad-503e-497a-b993-fc1ba2370b58,Disselhoff,Hans Dietrich,Hans Dietrich Disselhoff,mittel,OpenLibrary-Titel,2,,inka
e6915b34-f72d-49f4-b79c-bd6fa4a07a07,Dobbie,,,keine,,0,,akazie
0a7eaa36-60d6-40c6-a6ce-9cba7fda5794,Dobbs,,,keine,,0,,ueberleben
196e2b63-3b15-4669-9cf7-487e9c99e16f,Doeblin,,,keine,,0,,alexanderplatz
77faf351-1051-426a-aa16-e482b1a4ca80,Dietz,,,keine,,0,,eben gewalt | hitman feind
4d2d2481-8769-496d-a814-6e0607d2018f,Doerner,,,keine,,0,,irren
3d417dfb-7f70-4915-b67d-702027a1148b,Doerrie,,,keine,,0,,blaue | machen
1515b7a0-7976-4627-a27d-e32b5bcb48d9,Doescher,,,keine,,0,,amt
f4ea5c98-0247-4ffd-ab7c-e35beac1c5c0,Domenica,,,keine,,0,,kopfkissenbuch | seele
ecd0453d-615e-4229-9a5a-685b87bf08ac,Domnick,Hans,Hans Domnick,niedrig,OpenLibrary-Titel,1,,traumstrasse welt
be09147c-c1ac-4263-8716-97e069db43fd,Donaldson,,,keine,,0,,koenige
455898b1-fd8b-4c31-a31b-6d556e8c4d70,Donnell,Susan,Susan Donnell,mittel,OpenLibrary-Titel,2,,pocahontas
9b3909f8-f089-4205-b7de-9cd4cbc0e1de,Donnelly,,,keine,,0,,teerose | winterrose
0d275c6d-48ff-4dcd-9915-282643a0b383,Donovan,Anne,Anne Donovan,hoch,OpenLibrary-ISBN,2,Anne. Donovan | ANNE Donovan,bitterkalter | buddha
f8ea44d7-0067-4664-84a0-f58f0d5a45de,Doody,Margaret Anne,Margaret Anne Doody,mittel,OpenLibrary-Titel,2,Margaret Doody,aristotle justice
cbb5da06-0819-4d86-aeb5-a4ecb0cd41ad,Payne,Frances,Frances Payne,niedrig,OpenLibrary-Titel,1,Stephen Payne | E. Payne,internets
83d0a169-e20c-4a77-a351-980aeb374435,Bascom,William Russell,William Russell Bascom,hoch,OpenLibrary-ISBN,1,,Continuity and change in African cultures
9305380b-b1cb-4866-a65a-4d74d16058fa,Bashawe,,,keine,,0,,sparkles
a5cc7ce0-2667-4e2f-8554-bfb2067e03e6,Doppler,Klaus,Klaus Doppler,mittel,OpenLibrary-Titel,2,,Change Management. Den Unternehmenswandel gestalten.
7284cb5d-97f5-4695-93cb-efdcab8635c4,Dorcsi,,,keine,,0,,homoepathie
898336fd-8b2a-4a35-aee7-5e00cf1febfa,Dorminger,,,keine,,0,,alexander
393ceb12-d304-41b2-9ac8-2d3017f33bca,Dossenbach,,,keine,,0,,peru
0a96a714-6a17-4773-b1a2-85bed684f8c2,Doucet,Friedrich W.,Friedrich W. Doucet,hoch,OpenLibrary-ISBN,1,,Geschichte der Geheimwissenschaften
40a9ccb4-52b1-4d63-aa50-acc0d91f12ea,Douglas,,,keine,,0,,geheimakte gestapo 2 | gewand
ccc79928-8ea2-4cf2-af8f-1a1f38f584ee,Douglas-Hamilton,,,keine,,0,,elefanten
20ffe850-2e62-4c63-b2ac-fd445e381315,Doutine,Heike,Heike Doutine,hoch,OpenLibrary-ISBN,1,,Die Meute
0349cf31-4a35-4ded-8704-408341c4d6ca,Dragicevich,Peter,Peter Dragicevich,hoch,OpenLibrary-ISBN,1,,sydney
2f045a3b-9a02-4e09-b59f-8f5646842483,Dragl,,,keine,,0,,wilde
1a9d7597-b964-4b76-b972-e101c50ae959,Draulans,Dirk,Dirk Draulans,hoch,OpenLibrary-ISBN,1,,"Im Dschungel. Afrika, Affen und andere Leidenschaften"
6b8552f9-5709-426c-b460-6febb78ed2f7,Drawer,,,keine,,0,,todesart natuerlich
5ad6122c-7179-487d-afc0-723f1625a8af,Drayer,,,keine,,0,,ukambala
cc3ed0e8-c920-42b0-824a-ba7f7df90a14,Drew,,,keine,,0,,bosporus
8c43f4cc-f5e4-4498-80a9-1f3ff389ff79,Drews,Gerald,Gerald Drews,hoch,OpenLibrary-ISBN,1,,Meine Rechte als Mieter. Was Mieter und Vermieter wissen sollten
bc0e66c2-ef5e-4a49-a03e-36bb1107724b,Droescher,,,keine,,0,,elefanten
9df48c59-3bcf-4e4c-b406-fbc05712d687,Drucker,,,keine,,0,,unternehmers
6624289e-ba56-41d7-9e33-a473c6957dfc,Druckerman,,,keine,,0,,fremdgehen
fe3e4581-9c64-4299-8759-a0ebb3b57548,Dubois,,,keine,,0,,trueffelgold
d8835363-3561-45c7-89cb-cbb2ae491f8a,Ducan,,,keine,,0,,strom
c2f5f5de-53c7-45c7-acd3-9a8aff04f3d4,Duchow,,,keine,,0,,bis
ebd0fa2a-04b9-4e36-a967-0b8951338894,Duenas,,,keine,,0,,traeume
d9584c61-0908-4dac-a7c2-a1530ab40335,Dueringer,,,keine,,0,,wohl schlaraffenland
f3968e96-5bd3-4c02-94fc-335513ec78e5,Duesseldorfer,,,keine,,0,,omas haushaltstipps
ada88dc0-9725-4b22-b307-58f4e7f1fd28,Duke,,,keine,,0,,nahrungsmittel
065c6712-a180-43a0-af6e-6ee567e4c7ff,Dumler,Helmut,Helmut Dumler,hoch,OpenLibrary-ISBN,1,,Rundwanderungen Oberbayern
1d63b65a-3ad8-4a21-8f07-093fd33758d7,Dunn,Douglas,Douglas Dunn,niedrig,OpenLibrary-Titel,3,Alexander Dunn,java
7803595b-6e72-4492-b27f-3e68403ad544,Dunne,Elisabeth,Elisabeth Dunne,niedrig,OpenLibrary-Titel,1,Timothy Dunne | Peter Dunne | Tim Dunne,keltennadel | society
5dc16dc1-f551-43c7-97c0-ed6d8f83f7e9,Dunnett,,,keine,,0,,timbuktu
e18eb07e-eba8-43ce-ab78-78890c23b53e,Dupuy,Pierre,Pierre Dupuy,hoch,OpenLibrary-ISBN,1,,Beauté de la Bourgogne
c88fe1a2-96ec-4fb6-914e-3c58a2531a4f,Durrani,Tehmina,Tehmina Durrani,niedrig,OpenLibrary-Titel,1,,gebieter
d9cb121f-76ee-413c-ada7-ca6d2f9030e9,Durrant,,,keine,,0,,unschuldig
5b2775d9-3542-41ba-bfa7-d10a16ed24ba,Durrell,Lawrence,Lawrence Durrell,niedrig,OpenLibrary-Titel,1,LAWRENCE Durrell,Balthazar
1e45081c-2703-44dd-a97d-855fa598715d,Durschmied,,,keine,,0,,roemer regen standen
8d80fcb6-7fc3-4603-8a91-de469f33151b,Dusik,Roland,Roland Dusik,hoch,OpenLibrary-ISBN,1,,Australien
ae78478a-b6f0-46ee-820d-726eca7c2baa,Easwaran,Eknath,Eknath Easwaran,mittel,OpenLibrary-Titel,5,,gandhi
fd369ce9-110a-4b8a-bf6d-5a65f0ac1dfe,Ebmeyer,Michael,Michael Ebmeyer,hoch,OpenLibrary-ISBN,1,,Achter Achter
19594629-edef-4a1c-949c-6e664d10ddd6,Echenique,,,keine,,0,,welt julius
a3fd5147-7133-4bfa-8e09-f3ccfe2726c5,Echenoz,,,keine,,0,,pjoengjang
ed7e7e8d-5d89-4fc9-9031-5ad2d1597563,Ecke,Wolfgang,Wolfgang Ecke,mittel,OpenLibrary-Titel,2,,buddha | clifton kapuzen
d5b8f0dc-2d17-46bd-b6d4-ff2fdac278bb,Bass,L. G.,L. G. Bass,mittel,OpenLibrary-Titel,2,,qin
f4bade7c-f206-4d02-82b7-4b3a4e4a17c2,Bassani,Giorgio,Giorgio Bassani,mittel,OpenLibrary-Titel,5,,finzi
e6f9874e-94ba-4964-9d93-f0a52050f4a9,Battuta,Ibn,Ibn Battuta,hoch,OpenLibrary-ISBN,1,,Reisen ans Ende der Welt 1325 - 1353. Das größte Abenteuer des Mittelalters
edaa7553-b343-413b-9cd6-4f540cb7c5cb,Eckert,Horst,Horst Eckert,hoch,OpenLibrary-ISBN,1,,Wolfsspinne
93c38003-d586-411e-94aa-7d59e6a23cb9,Eckstein,Robert,Robert Eckstein,niedrig,OpenLibrary-Titel,1,,java swing
2b2b9b55-7f8c-4b3c-92b4-2f2a673f1c4f,Eddings,David,David Eddings,niedrig,OpenLibrary-Titel,1,,leuchtende
a7a96446-acca-49fb-b68f-cee78cf2caf0,Eddy,,,keine,,0,,kokainkrieg
c6df2c95-deb3-41d7-8781-26a7ec4bf2c5,Eder,,,keine,,0,,heilerin worms
fc707a86-1027-4dad-b22e-33177d24c964,Ederer,Günter,Günter Ederer,hoch,OpenLibrary-ISBN,1,,Das leise Lächeln des Siegers
f7f11775-db76-45e4-9aca-a2cf19912baf,Edschmid,,,keine,,0,,suedreich
e7ac3166-f4e3-4ca7-b148-86091557b9a2,Edwards,Kim,Kim Edwards,niedrig,OpenLibrary-Titel,1,,fotografen
f460e608-7937-4a21-879d-793eda1ebc07,Blacklaws,Troy,Troy Blacklaws,hoch,OpenLibrary-ISBN,1,,malindi
ca203714-af8b-43da-98b8-fc40dde9a4ab,Egbeme,Choga Regina,Choga Regina Egbeme,hoch,OpenLibrary-ISBN,1,,Hinter dem Schleier der Tränen
08cceaf3-bdbe-4188-a54e-d5a2893a5fa6,Eggenkaemper,,,keine,,0,,allianz
fc44967e-ec90-4868-a175-dc2462da34bd,Ehrenreich,,,keine,,0,,hexen
091c6d2f-d6f7-418e-bf6e-9c00e7707e4e,Ehrensvaerd,,,keine,,0,,steinzeit
b5b868f6-360f-4b26-82e5-a1b1371fdb80,Ehrich,Maria,Maria Ehrich,hoch,OpenLibrary-ISBN,1,,Leaving the Frame
6251b77e-4486-4cf2-acb4-7edd415df2e2,Eick,Dennis,Dennis Eick,hoch,OpenLibrary-ISBN,1,,Digitales Erzählen
c9b8ccf9-9905-44da-8e53-5e4996b45654,Eidson,Tom,Tom Eidson,mittel,OpenLibrary-Titel,2,,treck kinder
343ef0eb-002e-4f1b-806d-d38a9e8b4d81,Eilert,,,keine,,0,,otto waalkes | zweite otto
5bb365d0-ce11-4986-8d9a-94486a9f6fae,Einhart,,,keine,,0,,champagnerkoenigin
af79220b-6fa4-49b8-ac31-10ddf9650a3e,Einstein,Albert,Albert Einstein,mittel,OpenLibrary-Titel,5,,evolution
257619fa-76f9-40ad-93e6-b51b1c49489b,Einwanger,,,keine,,0,,goldwascher
9aab2a3a-b1fa-4c31-b37c-894d9fd5799b,Eisenhardt,Jost,Jost Eisenhardt,hoch,OpenLibrary-ISBN,1,,steiermark
493ce4cb-f878-40c1-a8f1-f67f08004bb0,Eisler,Barry,Barry Eisler,niedrig,OpenLibrary-Titel,1,,tokio
1f0d9dd2-afc3-44eb-b393-4d25a42d610e,Ekert-Rotholz,Alice,Alice Ekert-Rotholz,mittel,OpenLibrary-Titel,3,Alice Maria Ekert-Rotholz,pilger reisenden
a46f128d-a703-4650-812e-4dd455fa4a42,Ekmann,,,keine,,0,,geschehnisse
2e884c9e-c61b-4c92-a1e2-192c1627f13d,El-Nawawi,,,keine,,0,,nofret schoene
dd941292-fc3e-42b7-9227-343e6556b3d9,Elbaradei,,,keine,,0,,apokalypse
d5fad14f-11aa-408f-832f-7dbf4752d6e0,Elegant,Robert S.,Robert S. Elegant,hoch,OpenLibrary-ISBN,2,,dynastie | mandarin
4966d920-9bff-4bf2-83e4-0e3c7b7c605a,Elffers,Joost,Joost Elffers,hoch,OpenLibrary-ISBN,1,,Tangram
a9800e9e-befb-438a-b3eb-2e767045f380,Elfgren,Sara Bergmark,Sara Bergmark Elfgren,niedrig,OpenLibrary-Titel,1,,zirkel
463b20b5-1dc3-4639-85fb-ea67792aaee4,Elger,Christian E.,Christian E. Elger,hoch,OpenLibrary-ISBN,1,,Neuroleadership
269698da-1a89-4ce3-a9a2-c13ed9a6c177,Elsberg,Marc,Marc Elsberg,hoch,OpenLibrary-ISBN,1,,BLACKOUT - Morgen ist es zu spät
cbe6057b-f6b2-43e3-a974-57152a3e773a,Elten,Jörg Andrees,Jörg Andrees Elten,niedrig,OpenLibrary-Titel,1,,easy santa barbara
1cbcde08-2274-4a78-9c30-3d2183f97ab5,Emilsson,,,keine,,0,,arm
6c8febe7-11b3-4e8e-9d76-9f07f9480222,Emmelmann,,,keine,,0,,frustig
10df089d-884e-43eb-a100-c35e5c2f1584,Ems,,,keine,,0,,andere verbindung
34e93dfc-fc80-4fa6-ab45-9ad675d92db5,Ende,Michael,Michael Ende,mittel,OpenLibrary-Titel,5,,knopf | lokomotivfuehrer
0c9c647f-4baf-4ae4-a9b9-ec08e170f750,Endres,Wolfgang,Wolfgang Endres,niedrig,OpenLibrary-Titel,1,,Das Anti-Pauk-Buch
38f987be-84ec-406e-bca5-41ea35287d70,Engelhard,Jack,Jack Engelhard,hoch,OpenLibrary-ISBN,1,,unmoralisches
471e343b-c614-484a-9dd7-6a424dc8318a,Engels,Horst,Horst Engels,hoch,OpenLibrary-ISBN,1,,Haie! | falschen zeit ort
1f02416c-282f-4d3d-85f5-b1362c8b6492,Englert,Sebastián,Sebastián Englert,niedrig,OpenLibrary-Titel,1,Sebastian Englert,osterinsel
b43f664c-3d0e-41f7-b3d3-469f0bb03633,Ennen,Edith,Edith Ennen,hoch,OpenLibrary-ISBN,1,,Frauen im Mittelalter
d6c3d6c5-7839-4542-bf0d-6a74fac7ad03,Enson,,,keine,,0,,lulu
02ec31b6-f914-44ca-be64-921a73ba7483,Erben,Cörnerischen,Cörnerischen Erben,niedrig,OpenLibrary-Titel,1,,kunst
a1da36d8-3e05-41fe-86a6-3939a240391c,Erdman,Paul,Paul Erdman,mittel,OpenLibrary-Titel,2,,letzten amerika | schnitt
1ee1229a-84ab-4b81-929a-979f0b575574,Erdmann,Wilfried,Wilfried Erdmann,hoch,OpenLibrary-ISBN,1,,magische route
24c012d8-dfe5-4f54-8c97-10d69969176b,Nagel,,,keine,,0,,Was kostet die Welt
cf6a8131-830d-40a0-8f80-d5f9f4209580,Drach,,,keine,,0,,parasit
d7d6910d-4216-49b2-90b4-009a7aa97ac2,Erdrich,,,keine,,0,,haus windes
69b2e746-b783-4c06-9499-7f59ce44308f,Eris,,,keine,,0,,montanablack
882ae2c7-6a00-4cf4-8bff-1eac63629eff,Erlenhuetter,,,keine,,0,,C anfang
5b7b2b05-557e-407a-91cb-35ee6526ccb9,Ernestam,,,keine,,0,,verborgene haus
f88f73f9-7a64-4ae4-b1b9-09697f036c2f,Ernesti,Johannes,Johannes Ernesti,mittel,OpenLibrary-Titel,2,,python
759fe45f-d72c-407e-85df-0f2a8a9223e1,Ertl,,,keine,,0,,oetzi edelweiss
0667984c-3c04-4556-985f-e3acb6f75afb,Escher,Tobias,Tobias Escher,niedrig,OpenLibrary-Titel,1,,strategen
d1f042b2-46d5-474c-ad67-1ca5ff79a3ac,Escobar,,,keine,,0,,kosmetikerin
fd8ff9ef-dfe2-40d3-9dae-44ceadfe38de,Estenfeld,,,keine,,0,,menschenfressern
f43b9b02-c05e-447e-aef7-e16bb563ac8c,Eszterhas,Joe,Joe Eszterhas,hoch,OpenLibrary-ISBN,1,,Hollywood animal
39654709-d044-48f2-ae7d-cfe6068ee30e,Evers,Horst,Horst Evers,hoch,OpenLibrary-ISBN,1,,Der König von Berlin
43a204eb-cedb-4825-9824-556e9d6f9e60,Evison,Jonathan,Jonathan Evison,hoch,OpenLibrary-ISBN,1,,Alles über Lulu
b7cd88ea-e492-4524-893b-1a169008c9e2,Espinosa,Albert,Albert Espinosa,hoch,OpenLibrary-ISBN,1,,Club der roten Bänder
d893e697-e6de-445d-aeae-d0b47a6d45d2,Bauer Wu,,,keine,,0,,herbstwind blatt
c85031d5-f6f2-48e5-b966-0470298e62f6,Essex,Karen,Karen Essex,hoch,OpenLibrary-ISBN,1,,kleopatra | pharaonin
b8575a4b-f26b-4c86-aec0-d7ef21af6d3c,Facaros,Dana,Dana Facaros,hoch,OpenLibrary-ISBN,1,,Western Turkey
ef2b4bac-e144-42fc-ab26-6f883abdce5a,Faehnders,,,keine,,0,,sozialisitscher
1d356612-1885-45a6-b6d7-a4d4c047e626,Faes,Urs,Urs Faes,hoch,OpenLibrary-ISBN,1,,Augenblicke im Paradies
91f0be7a-8ac9-49f4-bb03-b0792b957532,Fahey,,,keine,,0,,atemberaubenden
08dd8ae4-bab1-4a91-b39f-6c7b29e8b996,Fairbairn,Ann,Ann Fairbairn,mittel,OpenLibrary-Titel,2,,glatte
1cbec18d-e5c5-4fa5-9452-9b906da9841b,Faletti,,,keine,,0,,toete
f576dfcf-99e9-4e82-a5b1-10a09db9da90,Fall,,,keine,,0,,clan
f66dec9d-9354-4592-8615-94f5122ad5b5,Fallaci,Oriana,Oriana Fallaci,hoch,OpenLibrary-ISBN,2,,Brief an ein nie geborenes Kind | inschallah
d932d9dc-716f-4d01-8f12-2869dca670b6,Faller,,,keine,,0,,versuchte
c3239bcd-8229-4932-832f-776f733ea28c,Faludi,,,keine,,0,,maenner schlagen zurueck
39e50328-84a3-420f-9361-fcb9e30ef604,Farah,,,keine,,0,,netze
6fbebbf5-60b4-4259-8480-c30c1a959959,Faschinger,Lilian,Lilian Faschinger,niedrig,OpenLibrary-Titel,1,,scheherzerade | stadt
45710cc1-7d26-4031-ba0b-dbf13e56eeb5,Faulks,Sebastian,Sebastian Faulks,niedrig,OpenLibrary-Titel,1,,december
31bc79b1-4ddd-4268-82a2-1f8be3376a4e,Feddersen,,,keine,,0,,wald
acda956f-2920-4abb-b85b-f86b2be8cb49,Feher,Christine,Christine Feher,hoch,OpenLibrary-ISBN,1,,Dann mach ich eben Schluss
56be12d5-8210-49f6-90f2-87c2dce15533,Feichtner,Walter,Walter Feichtner,niedrig,OpenLibrary-Titel,1,,sowjetunion
b469dd1a-1bfc-438d-8017-e128210460b4,Timm,Uwe,Uwe Timm,hoch,OpenLibrary-ISBN,1,,Die Entdeckung der Currywurst. Jubiläumsausgabe | morenga | schatz pagensand
c99687f1-ece8-4ba3-8713-3df30d7eec23,Feild,Reshad,Reshad Feild,niedrig,OpenLibrary-Titel,1,,weg derwisch
4b9a8e92-8fdc-4c5e-926f-11f40c27074c,Feliciano,,,keine,,0,,prostatic
bb93d5e7-7aec-4339-b171-71f23366db58,Feller,,,keine,,0,,jung
0f486d9d-048a-47fa-83ce-9005936b3076,Felmy,Sabine,Sabine Felmy,niedrig,OpenLibrary-Titel,1,,schnees
7191a2bb-dbdc-4523-bde5-fd6586199691,Felscherinow,,,keine,,0,,zweites
e9d0e951-5daa-4d7d-b612-2db107a64f1c,Fensterheim,,,keine,,0,,tun schiefgeht
148f4855-af01-428d-8792-9894b4be9bbe,Fenzl,,,keine,,0,,urschrift goettlichen
16dbd708-7d83-44ac-91d7-49d3c3288c2d,Fernandez,,,keine,,0,,rache medici
e8c3388e-a8cc-43ed-b810-584d3a9ca3f2,Ferolli,Beatrice,Beatrice Ferolli,mittel,OpenLibrary-Titel,2,,kuerbisfloete | schiff apulien
13bc754f-1d6d-4e83-8a9e-0bf870e0d143,Baughman,Dorothy,Dorothy Baughman,niedrig,OpenLibrary-Titel,4,Urbanus Edmund Baughman,secret
d6b809d8-a225-4af2-ab4e-f686f97e33dc,Baumeister,Roy F.,Roy F. Baumeister,hoch,OpenLibrary-ISBN,1,,Die Macht der Disziplin
97faa96b-3899-478c-943d-577b12b2558d,Bausenhardt,,,keine,,0,,sardinien
eccb3250-5b95-4fd2-a8dd-17d26b07d67f,Ferrante,,,keine,,0,,luegenhafte leben erwachsenen
35b3dc84-9e6f-48ae-a049-0d9859d5f0f8,Ferrari,,,keine,,0,,vatikan
62437b2f-db8d-4980-9180-e9585f8ccc26,Ferriss,Timothy,Timothy Ferriss,hoch,OpenLibrary-ISBN,1,,The 4-Hour Workweek
f53f99e3-31eb-4b48-9322-30117946479a,Fetscher,,,keine,,0,,ueberlebensbedingungen menschheit
907b97be-e3ae-4a85-8d1a-6863e0e2500f,Fetzer,,,keine,,0,,ostens | roemer
951642cd-ab07-4141-8819-6e340ab197e3,Fichtner,Ullrich,Ullrich Fichtner,hoch,OpenLibrary-ISBN,1,,Tellergericht | billionenpoker
19b1ca1e-dfd3-4c26-bf06-483a0bdc121b,Fiebag,,,keine,,0,,mystica
a874dbad-1b7e-453e-a4d7-7f891ff0fb04,Filliozat,,,keine,,0,,elternliebe
0c0f557b-8280-44cc-b7d4-7755fc6abe7c,Finch,,,keine,,0,,rattemfaenger
ae600050-de4a-48f5-922d-caacd2a9ca7e,Feyl,Renate,Renate Feyl,hoch,OpenLibrary-ISBN,1,,Die Profanen Stunden Des Glucks
0b3be66b-0eaf-4d20-ac87-ee8a7fe89008,Finck,Werner,Werner Finck,mittel,OpenLibrary-Titel,4,,alter narr nun
7d4a11a4-4739-46a2-acff-8d598281f8b8,Finder,Joseph,Joseph Finder,hoch,OpenLibrary-ISBN,1,,Moskau Connection | verraeter
7f91b3d1-8cf8-43f2-ad34-b403044b511b,Fink,Thomas,Thomas Fink,mittel,OpenLibrary-Titel,3,,"Die 85 Methoden, eine Krawatte zu binden. | kainszeichen"
0b6a955a-55fe-4772-aa67-ca1f26080fa4,Finkler,,,keine,,0,,unbaendig
b7723651-0384-42e7-bd16-9ed92150dbbf,Finlay,Hugh,Hugh Finlay,mittel,OpenLibrary-Titel,3,,northern territory
204dcc05-56b7-4f47-9021-749da65c2186,Finney,,,keine,,0,,Das Auge des Feuerdrachen | Die Kathedrale der Zeit | Die Spur des Einhorns
7c1928a0-4674-4df6-b27c-a1a9109472a6,Fiolka,Birgit,Birgit Fiolka,niedrig,OpenLibrary-Titel,1,,bint-anat
6b67df61-8899-40db-98b4-da4ad6ee86dc,Fiorato,,,keine,,0,,glasblaeserin murano | kriegerin
33806c63-06e5-404a-848d-d9bef71de0d5,Firnkes,,,keine,,0,,blog
8aa37038-ea27-40a8-a903-74f80f5b5fab,Fischer,Claudia.,Claudia. Fischer,hoch,OpenLibrary-ISBN,1,,Alternatives Leben | siebenten
417f78c6-9cfb-4c48-bb34-196b389cec8e,Fitzgerald,Conor,Conor Fitzgerald,mittel,OpenLibrary-Titel,3,,dogs rome
8a14fb79-d5de-4d9d-9f53-eca427279012,Flagg,,,keine,,0,,gruene tomaten
c43818f7-1ce0-49b1-a55e-7cbb34554076,Venske,Henning,Henning Venske,hoch,OpenLibrary-ISBN,1,,Briefe aus dem Regierungslager
214c0ff0-808e-4e9f-8a31-e69f54ed1759,Waffender,,,keine,,0,,verzauberte
f40e6c32-ffa6-477b-a741-0b0130196f0c,Winterberg,Liv,Liv Winterberg,niedrig,OpenLibrary-Titel,1,,klang
d2b82ba6-e499-4494-9180-12a688903a66,Moed Kass,,,keine,,0,,echtzeit
18d1cfea-9ac3-43b9-af65-775021c0d348,Yogeshwar,Ranga,Ranga Yogeshwar,hoch,OpenLibrary-ISBN,1,,Sonst noch Fragen?
8b1abe23-0e03-4375-a26b-9b758a62e3b2,Yoon-Nam,,,keine,,0,,berg
06e2a10d-9e55-484e-84d4-4e778a891f60,Yoshida,Shuichi,Shuichi Yoshida,hoch,OpenLibrary-ISBN,1,,Parade
2d9e7086-3074-46ad-bb5d-699f0712a663,Yoshikawa,Eiji,Eiji Yoshikawa,hoch,OpenLibrary-ISBN,1,,Musashi | murashi
bd0ffbb7-4f8a-4504-ad03-5b41492e661e,Yourcenar,,,keine,,0,,liebeslaeufe
1e9b5276-064c-4bb2-8842-54eed4ae65a0,Yu,,,keine,,0,,jou than
e4410b68-7f7f-4ed7-8bd0-a9072427edb0,Yuan,,,keine,,0,,lock tiger bergen
0963f7be-7ecf-427b-83a3-4126789da831,Yuecel,,,keine,,0,,agentterrorist
8695ca28-5338-45e7-b3f0-993efcd50156,Yurk,Amy,Amy Yurk,mittel,OpenLibrary-Titel,2,,macht
b3e35704-25c2-429f-a0a8-9aac51d069f1,Yutang,,,keine,,0,,laechelnden | wu
66599383-f950-43ec-9693-e5cdceb51dd0,Zhang,,,keine,,0,,hundert blumen
1fb70d0d-8972-47b5-ac3f-50116c20b42d,Zich,,,keine,,0,,aufgehende sonne
e9077a59-e26e-4770-900c-200019c6ea13,Ziemann,Hans Heinrich,Hans Heinrich Ziemann,mittel,OpenLibrary-Titel,3,,explosion
39cb8452-3fff-45f4-8be2-874a373a7670,Zillo,Adriana,Adriana Zillo,niedrig,OpenLibrary-Titel,1,,zilgrei
0dc4543d-0f42-4d06-b940-833d769c0dae,Zimmer,Dieter E.,Dieter E. Zimmer,hoch,OpenLibrary-ISBN,1,,"Der Streit um die Intelligenz: IQ, ererbt oder erworben?"
b4d50ed6-8167-40e8-8064-987e72080694,Zindell,David,David Zindell,mittel,OpenLibrary-Titel,2,,neverness
677da302-3f23-4574-86b7-f376916e2639,Zippelius,Reinhold,Reinhold Zippelius,hoch,OpenLibrary-ISBN,1,,Geschichte der Staatsideen
0be5adfb-b327-4e30-9647-5d29fb0df28e,Zoepfl,,,keine,,0,,seele
c3ca6d04-999c-4cd9-b59a-4f2a06b8d4d3,Zm.,,,keine,,0,,polo
35715585-e002-4329-9d96-39eccdaa8484,Flanagan,John,John Flanagan,hoch,OpenLibrary-ISBN,1,,belagerung
c9ea4173-656a-4cdc-9069-5934d953b671,Flechtner,,,keine,,0,,kirgistan
a138fbdd-50b0-466d-a9b2-af75f164635d,Flegel,,,keine,,0,,red chilli curry
20452a24-16d0-47c8-960e-1b893f92080f,Fleiner,Thomas,Thomas Fleiner,niedrig,OpenLibrary-Titel,1,,was menschenrechte
f0566018-e656-4c78-8391-5c3008700a79,Fliege,,,keine,,0,,gesundheit
520b72c4-a150-4bbb-b220-1b501642a833,Flint,,,keine,,0,,ordnung
688a1629-8982-4aab-9e2f-b63b9e954f58,Florence,Mason,Mason Florence,mittel,OpenLibrary-Titel,3,Masou Florence,vietnam
7619f475-6955-4d49-a6af-5330bb41a65f,Flynn,Vince,Vince Flynn,hoch,OpenLibrary-ISBN,1,,Der Gegenschlag | gone
56fc6c57-44fd-4786-8a7a-16f37f5eed94,Fock,Gorch,Gorch Fock,hoch,OpenLibrary-ISBN,1,,Seefahrt ist not!
52a0fddd-f481-4274-af78-66add2fe4bff,Foerg,,,keine,,0,,zornige soehne
ce277756-2137-49e3-bb90-e3bd98b728ec,Folkman,Joseph R.,Joseph R. Folkman,hoch,OpenLibrary-ISBN,1,,The Power of Feedback
89525750-2906-48e7-a3aa-51dae43b086a,Fortier,ANNE,ANNE Fortier,niedrig,OpenLibrary-Titel,1,,julia
137df7a8-5aaf-4157-a080-f5203b14f08d,Fortis,Teresa,Teresa Fortis,hoch,OpenLibrary-ISBN,1,,Lockruf Saudia
8d897282-6898-4e1d-b2ba-96debc634bef,Fosnes,,,keine,,0,,choral
0040f2c1-51a4-4ec3-9d69-a831ad2378ce,Bean,George Ewart,George Ewart Bean,niedrig,OpenLibrary-Titel,1,,kleinasien
6dc251fe-c175-4642-902f-bad12719c2fa,Beattie,Melody,Melody Beattie,hoch,OpenLibrary-ISBN,1,,Mehr Kraft zum Loslassen. Neue Meditationen zur inneren Heilung.
8adfd3ef-aded-40d1-bc42-c5d548e3eebb,Fossum,Karin,Karin Fossum,hoch,OpenLibrary-ISBN,1,,Stumme Schreie
f610dcbf-e68e-4083-8543-8efc506c0b23,Foster,,,keine,,0,,rueckkehr
f527c6a2-7609-4f07-b6fc-72510f465062,Beckenbauer,Franz,Franz Beckenbauer,hoch,OpenLibrary-ISBN,1,,Einer wie ich
bdf4d299-fec7-4b7b-9913-5ed12ea765f6,Fowler,,,keine,,0,,runen
0cf4adfc-e653-4d39-83a8-d824a6f00199,Fowles,,,keine,,0,,michael
abf8b2d1-c6dd-4b01-b06e-4fb8207012b8,Benard,,,keine,,0,,baskenmuetze | kohle | krieges
df4119ea-918a-4904-a6d5-ea512353e3f0,Franklin,Ariana,Ariana Franklin,hoch,OpenLibrary-ISBN,1,,Die Totenleserin | teufelshaube
2928ee62-015c-4ceb-b4ea-0c967d02fd04,Franzel,Emil,Emil Franzel,niedrig,OpenLibrary-Titel,1,,Das Reich der braunen Jakobiner
1011a9d6-93cf-41d0-ac9f-14adeb595d03,Franzen,Jonathan,Jonathan Franzen,hoch,OpenLibrary-ISBN,1,,Unschuld
24b3f336-819c-4d61-a166-78775070d87c,Frain,Irène,Irène Frain,niedrig,OpenLibrary-Titel,1,,nabob
bec12907-c3ae-4869-aae8-e9f1e090d6fc,Francis,,,keine,,0,,unschuldsengel
ff12c3a4-8fbf-4dcf-8105-df66fcbfdce1,Franke,Herbert W.,Herbert W. Franke,niedrig,OpenLibrary-Titel,1,,herzchirurgie
7d6b9293-bfd3-44b8-a186-8a246ccb3671,Franken,,,keine,,0,,einfach oeko | unentbehrliche grossmuetter
65132b7e-37cf-4f60-b24d-2672f03fe219,Frankl,Viktor Emil,Viktor Emil Frankl,hoch,OpenLibrary-ISBN,1,,Der Mensch vor der Frage nach dem Sinn : eine Auswahl aus dem Gesamtwerk
9bd25261-a85c-4b68-ad8b-b5c9c7434eff,Frater,Alexander,Alexander Frater,mittel,OpenLibrary-Titel,3,,chasing monsoon
02070a32-18e5-45ff-9a73-335ffa85eeab,Fredriksson,Marianne,Marianne Fredriksson,hoch,OpenLibrary-ISBN,1,,Geliebte Tochter | Hannas Töchter | Marcus und Eneides
4cb30e14-d0e5-4188-bc8e-428867388b54,Freedman,,,keine,,0,,sa
aa07e0a1-ce82-4251-8e59-9fe6d431ac17,Freidenk,,,keine,,0,,brauhaus isar
951da201-7ba1-4fcb-831e-9f854be27c37,Frenz,,,keine,,0,,sklave
86f6b35d-fedb-4dcc-b057-4066f9436d95,Fretheim,,,keine,,0,,krieg friede schmetterlinge
f519a4bf-25c2-4a7b-a027-a9cf1ca570bc,Freucken,,,keine,,0,,knauss sieben
6f4544e0-53f2-4784-8c9d-4c99d8568e50,Freundlinger,Eduard,Eduard Freundlinger,hoch,OpenLibrary-ISBN,1,,Im Schatten der Alhambra
70c51d21-0c1d-4a10-b378-35d6d06b96a8,Freutsmiedl,,,keine,,0,,toepfern
7fb08327-d8f2-4bd8-9fe7-5e2d61abfcde,Frey,Jana,Jana Frey,hoch,OpenLibrary-ISBN,1,,Sackgasse Freiheit | Verrückt vor Angst. Noras Geschichte | Wenn Haie weinen
cec5b449-9ae1-428c-ab7a-cc44005b7459,Freyberg,Vera,Vera Freyberg,hoch,OpenLibrary-ISBN,1,,"Manns genug, Frau zu sein"
dc8588a5-5d5d-4855-b5b4-ef41e6492c6e,Fricke,,,keine,,0,,geliebte
aa07dbef-8677-4457-9acb-e0293fd3e9b3,Frieday,,,keine,,0,,scorecard
b4748d6d-ab05-4ca5-b699-01bcb299002f,Friedl,Erika,Erika Friedl,hoch,OpenLibrary-ISBN,1,,Die Frauen von Deh Koh
3a3840cf-bf59-45a0-aaa6-5a644fabb885,Frieser,Claudia,Claudia Frieser,hoch,OpenLibrary-ISBN,1,,Oskar und das Geheimnis des Klosters
1748c856-d3bc-410a-a8a2-855862adfc08,Frister,,,keine,,0,,muetze lebens
87a27a90-90ec-4525-833a-3715a86b4176,Fritsche,,,keine,,0,,wuestenmatrosen
ca56fc88-16c8-4f08-a3eb-2d2005bc4456,Fritz,Astrid,Astrid Fritz,niedrig,OpenLibrary-Titel,1,,himmelsbraut
269a478b-e13a-4f06-b805-f90adc501d7f,Fritz-Schubert,,,keine,,0,,schulfach glueck
169a95e2-c457-44b3-addf-137002efeb4c,Fritzsch,Harald,Harald Fritzsch,hoch,OpenLibrary-ISBN,2,,Die verbogene Raum-Zeit | Eine Formel verändert die Welt
15ae6ae7-8280-45d9-8610-066aa1770871,Fromm,,,keine,,0,,kunst liebens | liebens
eea85134-2c06-4d92-9488-86017aebff71,Fruttero,Carlo,Carlo Fruttero,mittel,OpenLibrary-Titel,3,,wohnsitz
70150ea7-848c-4796-b722-75068e62225c,Fuerst,,,keine,,0,,erfolg maennern
7304d6a2-5760-44cb-8358-942cb89c17c2,Fullerton,Laurie,Laurie Fullerton,hoch,OpenLibrary-ISBN,1,,caledonia
11507d21-6947-402c-86e3-4fd2b1fc4939,Funke,,,keine,,0,,inkspell
db51fb73-1229-4db1-a323-82b8fe846937,G√Ľnther-Haug,,,keine,,0,,fuchsspiel
88bef365-4e16-4879-9d83-30d5458ab519,Beaver,Paul,Paul Beaver,hoch,OpenLibrary-ISBN,1,,Encyclopedia of Aviation
c315f393-4408-4b44-a8ae-382236ea0797,Beer,Ulrich,Ulrich Beer,hoch,OpenLibrary-ISBN,1,,Glücklich durch positives Denken | rote frau
49d46ca3-8039-40c0-9d0d-d75dfafc1487,Beesley,Lawrence,Lawrence Beesley,mittel,OpenLibrary-Titel,5,,titanic
4bb56251-c123-4888-a21d-4bd019cbc520,Gaarder,Jostein,Jostein Gaarder,mittel,OpenLibrary-Titel,5,,geschichtenverkaeufer | sofies
4e4707a7-6f52-4e95-b6ac-8b5890168263,Gabriel,,,keine,,0,,toechter | toechter zorns
3ca69d98-7f9e-4bd1-aa8d-9dc358e5533b,Gack,,,keine,,0,,israel besetzte
a67d1975-ec77-4a98-bb9f-32e05f486b0e,Gage,,,keine,,0,,hauch
333bc4d2-eb39-4ba9-901e-2d2a3b355fe7,Galenorm,,,keine,,0,,hexe
4d57853d-3397-47bb-8dfb-aa4dc9bceea9,Galland,Adolf,Adolf Galland,mittel,OpenLibrary-Titel,4,,letzten
da2cb310-3509-4478-954c-d2152802b111,Gallas,Klaus,Klaus Gallas,hoch,OpenLibrary-ISBN,1,,Kreta
91fcc502-1240-459a-a171-7bd09c13ea86,Gaiman,Neil,Neil Gaiman,hoch,OpenLibrary-ISBN,1,,American Gods
fa68ec44-496c-45dc-8bb4-4db1af8a67f7,Gainham,,,keine,,0,,welt
d237bc33-f301-464d-9142-9fc7238acca2,Gaiser,Gerd,Gerd Gaiser,mittel,OpenLibrary-Titel,3,,nascondo
b447bd5b-bf7c-43b1-b758-041487ad60a1,Gaitanides,Johannes,Johannes Gaitanides,hoch,OpenLibrary-ISBN,1,,Griechenland ohne Säulen
6992330e-2c8f-4374-9f91-c91cc91e9c4b,Gamlin,,,keine,,0,,monster tierwelt
6b222084-ec07-4733-b520-cea19ae61a47,Gammelgaard,Lene,Lene Gammelgaard,niedrig,OpenLibrary-Titel,1,,letzte herausforderung
16c545c7-5283-4dbd-8630-eed807278814,Gammelt,,,keine,,0,,verbrannte
e03c7aba-c474-47c7-b35f-894e26aee244,Gann,Ernest K.,Ernest K. Gann,hoch,OpenLibrary-ISBN,1,,masada
078e3114-59eb-4dd6-b7c3-e085986f84fd,Gannett,,,keine,,0,,rosenbeet
